ObjectiveValue,BestRelaxation,Gap
0,0,1.3
ObjectiveValue,BestRelaxation,Gap
3.0,3.0,0.0
ObjectiveValue,BestRelaxation,Gap
0,0,1.3
ObjectiveValue,BestRelaxation,Gap
2.0,2.0,0.0
ObjectiveValue,BestRelaxation,Gap
0,0,1.3
ObjectiveValue,BestRelaxation,Gap
2.0,2.0,0.0
ObjectiveValue,BestRelaxation,Gap
0,0,1.3
ObjectiveValue,BestRelaxation,Gap
2.0,2.0,0.0
ObjectiveValue,BestRelaxation,Gap
0,0,1.3
ObjectiveValue,BestRelaxation,Gap
2.0,2.0,0.0
ObjectiveValue,BestRelaxation,Gap
0,0,1.3
ObjectiveValue,BestRelaxation,Gap
3.0,3.0,0.0
ObjectiveValue,BestRelaxation,Gap
0,0,1.3
ObjectiveValue,BestRelaxation,Gap
2.0,2.0,0.0
ObjectiveValue,BestRelaxation,Gap
0,0,1.3
ObjectiveValue,BestRelaxation,Gap
5.0,5.0,0.0
ObjectiveValue,BestRelaxation,Gap
0,0,1.3
ObjectiveValue,BestRelaxation,Gap
4.0,4.0,0.0
ObjectiveValue,BestRelaxation,Gap
0,0,1.3
ObjectiveValue,BestRelaxation,Gap
3.0,3.0,0.0
ObjectiveValue,BestRelaxation,Gap
0,0,1.3
ObjectiveValue,BestRelaxation,Gap
2.0,2.0,0.0
ObjectiveValue,BestRelaxation,Gap
0,0,1.3
ObjectiveValue,BestRelaxation,Gap
2.0,2.0,0.0
ObjectiveValue,BestRelaxation,Gap
0,0,1.3
ObjectiveValue,BestRelaxation,Gap
2.0,2.0,0.0
ObjectiveValue,BestRelaxation,Gap
0,0,1.3
ObjectiveValue,BestRelaxation,Gap
8.0,9.999999999999904,-0.249999999999988
ObjectiveValue,BestRelaxation,Gap
0,0,1.3
ObjectiveValue,BestRelaxation,Gap
9.0,9.999999999999908,-0.11111111111110085
ObjectiveValue,BestRelaxation,Gap
0,0,1.3
ObjectiveValue,BestRelaxation,Gap
8.0,8.999999999999918,-0.12499999999998979
ObjectiveValue,BestRelaxation,Gap
0,0,1.3
ObjectiveValue,BestRelaxation,Gap
7.0,7.9999999999999165,-0.14285714285713094
ObjectiveValue,BestRelaxation,Gap
0,0,1.3
ObjectiveValue,BestRelaxation,Gap
6.0,6.999999999999927,-0.16666666666665453
ObjectiveValue,BestRelaxation,Gap
0,0,1.3
ObjectiveValue,BestRelaxation,Gap
5.0,5.999999999999938,-0.19999999999998758
ObjectiveValue,BestRelaxation,Gap
0,0,1.3
ObjectiveValue,BestRelaxation,Gap
4.0,5.0,-0.25
ObjectiveValue,BestRelaxation,Gap
0,0,1.3
ObjectiveValue,BestRelaxation,Gap
3.0,3.0,0.0
ObjectiveValue,BestRelaxation,Gap
0,0,1.3
ObjectiveValue,BestRelaxation,Gap
2.0,2.0,0.0
ObjectiveValue,BestRelaxation,Gap
0,0,1.3
ObjectiveValue,BestRelaxation,Gap
1.0,1.0,0.0
ObjectiveValue,BestRelaxation,Gap
0,0,1.3
ObjectiveValue,BestRelaxation,Gap
2.0,2.0,0.0
ObjectiveValue,BestRelaxation,Gap
0,0,1.3
ObjectiveValue,BestRelaxation,Gap
8.0,8.0,0.0
ObjectiveValue,BestRelaxation,Gap
0,0,1.3
ObjectiveValue,BestRelaxation,Gap
7.0,7.0,0.0
ObjectiveValue,BestRelaxation,Gap
0,0,1.3
ObjectiveValue,BestRelaxation,Gap
6.0,6.0,0.0
ObjectiveValue,BestRelaxation,Gap
0,0,1.3
ObjectiveValue,BestRelaxation,Gap
5.0,5.0,0.0
ObjectiveValue,BestRelaxation,Gap
0,0,1.3
ObjectiveValue,BestRelaxation,Gap
4.0,4.0,0.0
ObjectiveValue,BestRelaxation,Gap
0,0,1.3
ObjectiveValue,BestRelaxation,Gap
3.0,3.0,0.0
ObjectiveValue,BestRelaxation,Gap
0,0,1.3
ObjectiveValue,BestRelaxation,Gap
2.0,2.0,0.0
ObjectiveValue,BestRelaxation,Gap
0,0,1.3
ObjectiveValue,BestRelaxation,Gap
10.0,10.0,0.0
ObjectiveValue,BestRelaxation,Gap
0,0,1.3
ObjectiveValue,BestRelaxation,Gap
9.0,9.0,0.0
ObjectiveValue,BestRelaxation,Gap
0,0,1.3
ObjectiveValue,BestRelaxation,Gap
8.0,8.0,0.0
ObjectiveValue,BestRelaxation,Gap
0,0,1.3
ObjectiveValue,BestRelaxation,Gap
7.0,7.0,0.0
ObjectiveValue,BestRelaxation,Gap
0,0,1.3
ObjectiveValue,BestRelaxation,Gap
6.0,6.0,0.0
ObjectiveValue,BestRelaxation,Gap
0,0,1.3
ObjectiveValue,BestRelaxation,Gap
5.0,5.0,0.0
ObjectiveValue,BestRelaxation,Gap
0,0,1.3
ObjectiveValue,BestRelaxation,Gap
4.0,4.0,0.0
ObjectiveValue,BestRelaxation,Gap
0,0,1.3
ObjectiveValue,BestRelaxation,Gap
4.0,4.0,0.0
ObjectiveValue,BestRelaxation,Gap
0,0,1.3
ObjectiveValue,BestRelaxation,Gap
3.0,3.0,0.0
ObjectiveValue,BestRelaxation,Gap
0,0,1.3
ObjectiveValue,BestRelaxation,Gap
2.0,2.0,0.0
ObjectiveValue,BestRelaxation,Gap
0,0,1.3
ObjectiveValue,BestRelaxation,Gap
8.0,9.0,-0.125
ObjectiveValue,BestRelaxation,Gap
0,0,1.3
ObjectiveValue,BestRelaxation,Gap
7.0,8.0,-0.14285714285714285
ObjectiveValue,BestRelaxation,Gap
0,0,1.3
ObjectiveValue,BestRelaxation,Gap
6.0,7.0,-0.16666666666666666
ObjectiveValue,BestRelaxation,Gap
0,0,1.3
ObjectiveValue,BestRelaxation,Gap
5.0,6.0,-0.2
ObjectiveValue,BestRelaxation,Gap
0,0,1.3
ObjectiveValue,BestRelaxation,Gap
4.0,5.0,-0.25
ObjectiveValue,BestRelaxation,Gap
0,0,1.3
ObjectiveValue,BestRelaxation,Gap
3.0,3.0,0.0
ObjectiveValue,BestRelaxation,Gap
0,0,1.3
ObjectiveValue,BestRelaxation,Gap
4.0,4.0,0.0
ObjectiveValue,BestRelaxation,Gap
0,0,1.3
ObjectiveValue,BestRelaxation,Gap
3.0,3.0,0.0
ObjectiveValue,BestRelaxation,Gap
0,0,1.3
ObjectiveValue,BestRelaxation,Gap
2.0,2.0,0.0
ObjectiveValue,BestRelaxation,Gap
0,0,1.3
ObjectiveValue,BestRelaxation,Gap
3.0,3.0,0.0
ObjectiveValue,BestRelaxation,Gap
0,0,1.3
ObjectiveValue,BestRelaxation,Gap
2.0,2.0,0.0
ObjectiveValue,BestRelaxation,Gap
0,0,1.3
ObjectiveValue,BestRelaxation,Gap
7.0,7.0,0.0
ObjectiveValue,BestRelaxation,Gap
0,0,1.3
ObjectiveValue,BestRelaxation,Gap
6.0,6.0,0.0
ObjectiveValue,BestRelaxation,Gap
0,0,1.3
ObjectiveValue,BestRelaxation,Gap
6.0,6.0,0.0
ObjectiveValue,BestRelaxation,Gap
0,0,1.3
ObjectiveValue,BestRelaxation,Gap
5.0,5.0,0.0
ObjectiveValue,BestRelaxation,Gap
0,0,1.3
ObjectiveValue,BestRelaxation,Gap
4.0,4.0,0.0
ObjectiveValue,BestRelaxation,Gap
0,0,1.3
ObjectiveValue,BestRelaxation,Gap
3.0,3.0,0.0
ObjectiveValue,BestRelaxation,Gap
0,0,1.3
ObjectiveValue,BestRelaxation,Gap
3.0,3.0,0.0
ObjectiveValue,BestRelaxation,Gap
0,0,1.3
ObjectiveValue,BestRelaxation,Gap
2.0,2.0,0.0
ObjectiveValue,BestRelaxation,Gap
0,0,1.3
ObjectiveValue,BestRelaxation,Gap
11.0,12.0,-0.09090909090909091
ObjectiveValue,BestRelaxation,Gap
0,0,1.3
ObjectiveValue,BestRelaxation,Gap
10.0,11.0,-0.1
ObjectiveValue,BestRelaxation,Gap
0,0,1.3
ObjectiveValue,BestRelaxation,Gap
9.0,10.0,-0.1111111111111111
ObjectiveValue,BestRelaxation,Gap
0,0,1.3
ObjectiveValue,BestRelaxation,Gap
9.0,10.0,-0.1111111111111111
ObjectiveValue,BestRelaxation,Gap
0,0,1.3
ObjectiveValue,BestRelaxation,Gap
8.0,9.0,-0.125
ObjectiveValue,BestRelaxation,Gap
0,0,1.3
ObjectiveValue,BestRelaxation,Gap
7.0,7.999999999999931,-0.14285714285713297
ObjectiveValue,BestRelaxation,Gap
0,0,1.3
ObjectiveValue,BestRelaxation,Gap
6.0,7.0,-0.16666666666666666
ObjectiveValue,BestRelaxation,Gap
0,0,1.3
ObjectiveValue,BestRelaxation,Gap
5.0,6.0,-0.2
ObjectiveValue,BestRelaxation,Gap
0,0,1.3
ObjectiveValue,BestRelaxation,Gap
7.0,7.999999999999935,-0.1428571428571336
ObjectiveValue,BestRelaxation,Gap
0,0,1.3
ObjectiveValue,BestRelaxation,Gap
6.0,7.0,-0.16666666666666666
ObjectiveValue,BestRelaxation,Gap
0,0,1.3
ObjectiveValue,BestRelaxation,Gap
5.0,6.0,-0.2
ObjectiveValue,BestRelaxation,Gap
0,0,1.3
ObjectiveValue,BestRelaxation,Gap
4.0,5.0,-0.25
ObjectiveValue,BestRelaxation,Gap
0,0,1.3
ObjectiveValue,BestRelaxation,Gap
4.0,5.0,-0.25
ObjectiveValue,BestRelaxation,Gap
0,0,1.3
ObjectiveValue,BestRelaxation,Gap
3.0,3.0,0.0
ObjectiveValue,BestRelaxation,Gap
0,0,1.3
ObjectiveValue,BestRelaxation,Gap
3.0,3.0,0.0
ObjectiveValue,BestRelaxation,Gap
0,0,1.3
ObjectiveValue,BestRelaxation,Gap
3.0,3.0,0.0
ObjectiveValue,BestRelaxation,Gap
0,0,1.3
ObjectiveValue,BestRelaxation,Gap
3.0,3.0,0.0
ObjectiveValue,BestRelaxation,Gap
0,0,1.3
ObjectiveValue,BestRelaxation,Gap
2.0,2.0,0.0
ObjectiveValue,BestRelaxation,Gap
0,0,1.3
ObjectiveValue,BestRelaxation,Gap
2.0,2.0,0.0
ObjectiveValue,BestRelaxation,Gap
0,0,1.3
ObjectiveValue,BestRelaxation,Gap
6.0,6.999999999999926,-0.1666666666666544
ObjectiveValue,BestRelaxation,Gap
0,0,1.3
ObjectiveValue,BestRelaxation,Gap
8.0,9.0,-0.125
ObjectiveValue,BestRelaxation,Gap
0,0,1.3
ObjectiveValue,BestRelaxation,Gap
7.0,7.9999999999999245,-0.14285714285713208
ObjectiveValue,BestRelaxation,Gap
0,0,1.3
ObjectiveValue,BestRelaxation,Gap
6.0,7.0,-0.16666666666666666
ObjectiveValue,BestRelaxation,Gap
0,0,1.3
ObjectiveValue,BestRelaxation,Gap
5.0,6.0,-0.2
ObjectiveValue,BestRelaxation,Gap
0,0,1.3
ObjectiveValue,BestRelaxation,Gap
8.0,9.999999999999938,-0.24999999999999223
ObjectiveValue,BestRelaxation,Gap
0,0,1.3
ObjectiveValue,BestRelaxation,Gap
7.0,9.05044074436818,-0.2929201063383114
ObjectiveValue,BestRelaxation,Gap
0,0,1.3
ObjectiveValue,BestRelaxation,Gap
7.0,7.999999999999952,-0.142857142857136
ObjectiveValue,BestRelaxation,Gap
0,0,1.3
ObjectiveValue,BestRelaxation,Gap
7.0,7.99999999999991,-0.14285714285713005
ObjectiveValue,BestRelaxation,Gap
0,0,1.3
ObjectiveValue,BestRelaxation,Gap
6.0,6.999999999999931,-0.1666666666666551
ObjectiveValue,BestRelaxation,Gap
0,0,1.3
ObjectiveValue,BestRelaxation,Gap
5.0,6.0,-0.2
ObjectiveValue,BestRelaxation,Gap
0,0,1.3
ObjectiveValue,BestRelaxation,Gap
4.0,5.0,-0.25
ObjectiveValue,BestRelaxation,Gap
0,0,1.3
ObjectiveValue,BestRelaxation,Gap
3.0,3.0,0.0
ObjectiveValue,BestRelaxation,Gap
0,0,1.3
ObjectiveValue,BestRelaxation,Gap
2.0,2.0,0.0
ObjectiveValue,BestRelaxation,Gap
0,0,1.3
ObjectiveValue,BestRelaxation,Gap
2.0,2.0,0.0
ObjectiveValue,BestRelaxation,Gap
0,0,1.3
ObjectiveValue,BestRelaxation,Gap
5.0,7.0,-0.4
ObjectiveValue,BestRelaxation,Gap
0,0,1.3
ObjectiveValue,BestRelaxation,Gap
5.0,7.0,-0.4
ObjectiveValue,BestRelaxation,Gap
0,0,1.3
ObjectiveValue,BestRelaxation,Gap
6.0,8.999999999999932,-0.49999999999998873
ObjectiveValue,BestRelaxation,Gap
0,0,1.3
ObjectiveValue,BestRelaxation,Gap
5.0,7.0,-0.4
ObjectiveValue,BestRelaxation,Gap
0,0,1.3
ObjectiveValue,BestRelaxation,Gap
4.0,6.999999999999954,-0.7499999999999885
ObjectiveValue,BestRelaxation,Gap
0,0,1.3
ObjectiveValue,BestRelaxation,Gap
7.0,9.093377798951883,-0.29905397127884037
ObjectiveValue,BestRelaxation,Gap
0,0,1.3
ObjectiveValue,BestRelaxation,Gap
6.0,7.9999999999999325,-0.3333333333333221
ObjectiveValue,BestRelaxation,Gap
0,0,1.3
ObjectiveValue,BestRelaxation,Gap
5.0,7.0,-0.4
ObjectiveValue,BestRelaxation,Gap
0,0,1.3
ObjectiveValue,BestRelaxation,Gap
4.0,5.197619047619048,-0.29940476190476195
ObjectiveValue,BestRelaxation,Gap
0,0,1.3
ObjectiveValue,BestRelaxation,Gap
4.0,5.181076672104405,-0.29526916802610126
ObjectiveValue,BestRelaxation,Gap
0,0,1.3
ObjectiveValue,BestRelaxation,Gap
4.0,5.0,-0.25
ObjectiveValue,BestRelaxation,Gap
0,0,1.3
ObjectiveValue,BestRelaxation,Gap
6.0,7.707509881422925,-0.2845849802371541
ObjectiveValue,BestRelaxation,Gap
0,0,1.3
ObjectiveValue,BestRelaxation,Gap
7.0,9.0,-0.2857142857142857
ObjectiveValue,BestRelaxation,Gap
0,0,1.3
ObjectiveValue,BestRelaxation,Gap
6.0,7.65252854812398,-0.27542142468733005
ObjectiveValue,BestRelaxation,Gap
0,0,1.3
ObjectiveValue,BestRelaxation,Gap
5.0,6.499292786421499,-0.29985855728429983
ObjectiveValue,BestRelaxation,Gap
0,0,1.3
ObjectiveValue,BestRelaxation,Gap
5.0,6.0,-0.2
ObjectiveValue,BestRelaxation,Gap
0,0,1.3
ObjectiveValue,BestRelaxation,Gap
4.0,4.0,0.0
ObjectiveValue,BestRelaxation,Gap
0,0,1.3
ObjectiveValue,BestRelaxation,Gap
3.0,3.0,0.0
ObjectiveValue,BestRelaxation,Gap
0,0,1.3
ObjectiveValue,BestRelaxation,Gap
2.0,2.0,0.0
ObjectiveValue,BestRelaxation,Gap
0,0,1.3
ObjectiveValue,BestRelaxation,Gap
2.0,2.0,0.0
ObjectiveValue,BestRelaxation,Gap
0,0,1.3
ObjectiveValue,BestRelaxation,Gap
5.0,6.0,-0.2
ObjectiveValue,BestRelaxation,Gap
0,0,1.3
ObjectiveValue,BestRelaxation,Gap
5.0,6.0,-0.2
ObjectiveValue,BestRelaxation,Gap
0,0,1.3
ObjectiveValue,BestRelaxation,Gap
4.0,5.1150550795593634,-0.27876376988984086
ObjectiveValue,BestRelaxation,Gap
0,0,1.3
ObjectiveValue,BestRelaxation,Gap
3.0,3.0,0.0
ObjectiveValue,BestRelaxation,Gap
0,0,1.3
ObjectiveValue,BestRelaxation,Gap
2.0,2.0,0.0
ObjectiveValue,BestRelaxation,Gap
0,0,1.3
ObjectiveValue,BestRelaxation,Gap
1.0,1.0,0.0
ObjectiveValue,BestRelaxation,Gap
0,0,1.3
ObjectiveValue,BestRelaxation,Gap
1.0,1.0,0.0
ObjectiveValue,BestRelaxation,Gap
0,0,1.3
ObjectiveValue,BestRelaxation,Gap
1.0,1.0,0.0
ObjectiveValue,BestRelaxation,Gap
0,0,1.3
ObjectiveValue,BestRelaxation,Gap
9.0,10.999999999999956,-0.2222222222222173
ObjectiveValue,BestRelaxation,Gap
0,0,1.3
ObjectiveValue,BestRelaxation,Gap
8.0,10.0,-0.25
ObjectiveValue,BestRelaxation,Gap
0,0,1.3
ObjectiveValue,BestRelaxation,Gap
8.0,10.0,-0.25
ObjectiveValue,BestRelaxation,Gap
0,0,1.3
ObjectiveValue,BestRelaxation,Gap
7.0,9.0,-0.2857142857142857
ObjectiveValue,BestRelaxation,Gap
0,0,1.3
ObjectiveValue,BestRelaxation,Gap
7.0,8.0,-0.14285714285714285
ObjectiveValue,BestRelaxation,Gap
0,0,1.3
ObjectiveValue,BestRelaxation,Gap
7.0,7.999999999999957,-0.14285714285713677
ObjectiveValue,BestRelaxation,Gap
0,0,1.3
ObjectiveValue,BestRelaxation,Gap
7.0,8.999999999999911,-0.28571428571427304
ObjectiveValue,BestRelaxation,Gap
0,0,1.3
ObjectiveValue,BestRelaxation,Gap
6.0,7.0,-0.16666666666666666
ObjectiveValue,BestRelaxation,Gap
0,0,1.3
ObjectiveValue,BestRelaxation,Gap
5.0,6.0,-0.2
ObjectiveValue,BestRelaxation,Gap
0,0,1.3
ObjectiveValue,BestRelaxation,Gap
4.0,5.0,-0.25
ObjectiveValue,BestRelaxation,Gap
0,0,1.3
ObjectiveValue,BestRelaxation,Gap
4.0,5.0,-0.25
ObjectiveValue,BestRelaxation,Gap
0,0,1.3
ObjectiveValue,BestRelaxation,Gap
5.0,6.077697841726616,-0.21553956834532323
ObjectiveValue,BestRelaxation,Gap
0,0,1.3
ObjectiveValue,BestRelaxation,Gap
6.0,6.999999999999927,-0.16666666666665453
ObjectiveValue,BestRelaxation,Gap
0,0,1.3
ObjectiveValue,BestRelaxation,Gap
4.0,5.0,-0.25
ObjectiveValue,BestRelaxation,Gap
0,0,1.3
ObjectiveValue,BestRelaxation,Gap
3.0,3.0,0.0
ObjectiveValue,BestRelaxation,Gap
0,0,1.3
ObjectiveValue,BestRelaxation,Gap
3.0,3.0,0.0
ObjectiveValue,BestRelaxation,Gap
0,0,1.3
ObjectiveValue,BestRelaxation,Gap
2.0,2.0,0.0
ObjectiveValue,BestRelaxation,Gap
0,0,1.3
ObjectiveValue,BestRelaxation,Gap
8.0,8.0,0.0
ObjectiveValue,BestRelaxation,Gap
0,0,1.3
ObjectiveValue,BestRelaxation,Gap
7.0,7.9999999999999165,-0.14285714285713094
ObjectiveValue,BestRelaxation,Gap
0,0,1.3
ObjectiveValue,BestRelaxation,Gap
6.0,7.0,-0.16666666666666666
ObjectiveValue,BestRelaxation,Gap
0,0,1.3
ObjectiveValue,BestRelaxation,Gap
5.0,6.0,-0.2
ObjectiveValue,BestRelaxation,Gap
0,0,1.3
ObjectiveValue,BestRelaxation,Gap
5.0,6.0,-0.2
ObjectiveValue,BestRelaxation,Gap
0,0,1.3
ObjectiveValue,BestRelaxation,Gap
4.0,5.0,-0.25
ObjectiveValue,BestRelaxation,Gap
0,0,1.3
ObjectiveValue,BestRelaxation,Gap
3.0,3.0,0.0
ObjectiveValue,BestRelaxation,Gap
0,0,1.3
ObjectiveValue,BestRelaxation,Gap
5.0,6.0,-0.2
ObjectiveValue,BestRelaxation,Gap
0,0,1.3
ObjectiveValue,BestRelaxation,Gap
4.0,5.0,-0.25
ObjectiveValue,BestRelaxation,Gap
0,0,1.3
ObjectiveValue,BestRelaxation,Gap
4.0,4.0,0.0
ObjectiveValue,BestRelaxation,Gap
0,0,1.3
ObjectiveValue,BestRelaxation,Gap
3.0,3.0,0.0
ObjectiveValue,BestRelaxation,Gap
0,0,1.3
ObjectiveValue,BestRelaxation,Gap
2.0,2.0,0.0
ObjectiveValue,BestRelaxation,Gap
0,0,1.3
ObjectiveValue,BestRelaxation,Gap
2.0,2.0,0.0
ObjectiveValue,BestRelaxation,Gap
0,0,1.3
ObjectiveValue,BestRelaxation,Gap
1.0,1.0,0.0
ObjectiveValue,BestRelaxation,Gap
0,0,1.3
ObjectiveValue,BestRelaxation,Gap
2.0,2.0,0.0
ObjectiveValue,BestRelaxation,Gap
0,0,1.3
ObjectiveValue,BestRelaxation,Gap
2.0,2.0,0.0
ObjectiveValue,BestRelaxation,Gap
0,0,1.3
ObjectiveValue,BestRelaxation,Gap
2.0,2.0,0.0
ObjectiveValue,BestRelaxation,Gap
0,0,1.3
ObjectiveValue,BestRelaxation,Gap
6.0,7.999999999999948,-0.3333333333333246
ObjectiveValue,BestRelaxation,Gap
0,0,1.3
ObjectiveValue,BestRelaxation,Gap
6.0,9.0,-0.5
ObjectiveValue,BestRelaxation,Gap
0,0,1.3
ObjectiveValue,BestRelaxation,Gap
5.0,6.480412371134021,-0.2960824742268041
ObjectiveValue,BestRelaxation,Gap
0,0,1.3
ObjectiveValue,BestRelaxation,Gap
5.0,7.0,-0.4
ObjectiveValue,BestRelaxation,Gap
0,0,1.3
ObjectiveValue,BestRelaxation,Gap
5.0,6.092592592592638,-0.21851851851852758
ObjectiveValue,BestRelaxation,Gap
0,0,1.3
ObjectiveValue,BestRelaxation,Gap
4.0,4.999999999999999,-0.24999999999999978
ObjectiveValue,BestRelaxation,Gap
0,0,1.3
ObjectiveValue,BestRelaxation,Gap
4.0,4.999999999999999,-0.24999999999999978
ObjectiveValue,BestRelaxation,Gap
0,0,1.3
ObjectiveValue,BestRelaxation,Gap
4.0,4.0,0.0
ObjectiveValue,BestRelaxation,Gap
0,0,1.3
ObjectiveValue,BestRelaxation,Gap
4.0,4.0,0.0
ObjectiveValue,BestRelaxation,Gap
0,0,1.3
ObjectiveValue,BestRelaxation,Gap
3.0,3.0,0.0
ObjectiveValue,BestRelaxation,Gap
0,0,1.3
ObjectiveValue,BestRelaxation,Gap
4.0,4.0,0.0
ObjectiveValue,BestRelaxation,Gap
0,0,1.3
ObjectiveValue,BestRelaxation,Gap
6.0,7.0,-0.16666666666666666
ObjectiveValue,BestRelaxation,Gap
0,0,1.3
ObjectiveValue,BestRelaxation,Gap
6.0,7.0,-0.16666666666666666
ObjectiveValue,BestRelaxation,Gap
0,0,1.3
ObjectiveValue,BestRelaxation,Gap
5.0,6.0,-0.2
ObjectiveValue,BestRelaxation,Gap
0,0,1.3
ObjectiveValue,BestRelaxation,Gap
4.0,5.0,-0.25
ObjectiveValue,BestRelaxation,Gap
0,0,1.3
ObjectiveValue,BestRelaxation,Gap
5.0,6.0,-0.2
ObjectiveValue,BestRelaxation,Gap
0,0,1.3
ObjectiveValue,BestRelaxation,Gap
5.0,6.0,-0.2
ObjectiveValue,BestRelaxation,Gap
0,0,1.3
ObjectiveValue,BestRelaxation,Gap
6.0,6.0,0.0
ObjectiveValue,BestRelaxation,Gap
0,0,1.3
ObjectiveValue,BestRelaxation,Gap
5.0,5.0,0.0
ObjectiveValue,BestRelaxation,Gap
0,0,1.3
ObjectiveValue,BestRelaxation,Gap
5.0,5.0,0.0
ObjectiveValue,BestRelaxation,Gap
0,0,1.3
ObjectiveValue,BestRelaxation,Gap
6.0,7.0,-0.16666666666666666
ObjectiveValue,BestRelaxation,Gap
0,0,1.3
ObjectiveValue,BestRelaxation,Gap
6.0,6.999999999999951,-0.16666666666665853
ObjectiveValue,BestRelaxation,Gap
0,0,1.3
ObjectiveValue,BestRelaxation,Gap
5.0,6.0,-0.2
ObjectiveValue,BestRelaxation,Gap
0,0,1.3
ObjectiveValue,BestRelaxation,Gap
4.0,5.0,-0.25
ObjectiveValue,BestRelaxation,Gap
0,0,1.3
ObjectiveValue,BestRelaxation,Gap
5.0,6.0,-0.2
ObjectiveValue,BestRelaxation,Gap
0,0,1.3
ObjectiveValue,BestRelaxation,Gap
4.0,5.0,-0.25
ObjectiveValue,BestRelaxation,Gap
0,0,1.3
ObjectiveValue,BestRelaxation,Gap
4.0,4.0,0.0
ObjectiveValue,BestRelaxation,Gap
0,0,1.3
ObjectiveValue,BestRelaxation,Gap
3.0,3.0,0.0
ObjectiveValue,BestRelaxation,Gap
0,0,1.3
ObjectiveValue,BestRelaxation,Gap
3.0,3.0,0.0
ObjectiveValue,BestRelaxation,Gap
0,0,1.3
ObjectiveValue,BestRelaxation,Gap
5.0,6.0,-0.2
ObjectiveValue,BestRelaxation,Gap
0,0,1.3
ObjectiveValue,BestRelaxation,Gap
4.0,5.0,-0.25
ObjectiveValue,BestRelaxation,Gap
0,0,1.3
ObjectiveValue,BestRelaxation,Gap
4.0,4.0,0.0
ObjectiveValue,BestRelaxation,Gap
0,0,1.3
ObjectiveValue,BestRelaxation,Gap
3.0,3.0,0.0
ObjectiveValue,BestRelaxation,Gap
0,0,1.3
ObjectiveValue,BestRelaxation,Gap
2.0,2.0,0.0
ObjectiveValue,BestRelaxation,Gap
0,0,1.3
ObjectiveValue,BestRelaxation,Gap
9.0,12.999999999999872,-0.4444444444444302
ObjectiveValue,BestRelaxation,Gap
0,0,1.3
ObjectiveValue,BestRelaxation,Gap
7.0,11.999999999999881,-0.7142857142856973
ObjectiveValue,BestRelaxation,Gap
0,0,1.3
ObjectiveValue,BestRelaxation,Gap
5.0,12.999999999999883,-1.5999999999999766
ObjectiveValue,BestRelaxation,Gap
0,0,1.3
ObjectiveValue,BestRelaxation,Gap
5.0,11.999999999999881,-1.3999999999999762
ObjectiveValue,BestRelaxation,Gap
0,0,1.3
ObjectiveValue,BestRelaxation,Gap
2.0,8.999999999999924,-3.499999999999962
ObjectiveValue,BestRelaxation,Gap
0,0,1.3
ObjectiveValue,BestRelaxation,Gap
2.0,10.0,-4.0
ObjectiveValue,BestRelaxation,Gap
0,0,1.3
ObjectiveValue,BestRelaxation,Gap
2.0,7.99999999999993,-2.999999999999965
ObjectiveValue,BestRelaxation,Gap
0,0,1.3
ObjectiveValue,BestRelaxation,Gap
2.0,5.0,-1.5
ObjectiveValue,BestRelaxation,Gap
0,0,1.3
ObjectiveValue,BestRelaxation,Gap
3.0,3.0,0.0
ObjectiveValue,BestRelaxation,Gap
0,0,1.3
ObjectiveValue,BestRelaxation,Gap
3.0,3.0,0.0
ObjectiveValue,BestRelaxation,Gap
0,0,1.3
ObjectiveValue,BestRelaxation,Gap
8.0,13.999999999999865,-0.7499999999999831
ObjectiveValue,BestRelaxation,Gap
0,0,1.3
ObjectiveValue,BestRelaxation,Gap
7.0,13.0,-0.8571428571428571
ObjectiveValue,BestRelaxation,Gap
0,0,1.3
ObjectiveValue,BestRelaxation,Gap
6.0,12.99999999999986,-1.1666666666666432
ObjectiveValue,BestRelaxation,Gap
0,0,1.3
ObjectiveValue,BestRelaxation,Gap
6.0,12.99999999999987,-1.166666666666645
ObjectiveValue,BestRelaxation,Gap
0,0,1.3
ObjectiveValue,BestRelaxation,Gap
4.0,8.0,-1.0
ObjectiveValue,BestRelaxation,Gap
0,0,1.3
ObjectiveValue,BestRelaxation,Gap
3.0,6.0,-1.0
ObjectiveValue,BestRelaxation,Gap
0,0,1.3
ObjectiveValue,BestRelaxation,Gap
9.0,13.999999999999911,-0.5555555555555457
ObjectiveValue,BestRelaxation,Gap
0,0,1.3
ObjectiveValue,BestRelaxation,Gap
8.0,12.999999999999954,-0.6249999999999942
ObjectiveValue,BestRelaxation,Gap
0,0,1.3
ObjectiveValue,BestRelaxation,Gap
8.0,11.999999999999902,-0.4999999999999878
ObjectiveValue,BestRelaxation,Gap
0,0,1.3
ObjectiveValue,BestRelaxation,Gap
7.0,11.0,-0.5714285714285714
ObjectiveValue,BestRelaxation,Gap
0,0,1.3
ObjectiveValue,BestRelaxation,Gap
7.0,10.0,-0.42857142857142855
ObjectiveValue,BestRelaxation,Gap
0,0,1.3
ObjectiveValue,BestRelaxation,Gap
5.0,6.0,-0.2
ObjectiveValue,BestRelaxation,Gap
0,0,1.3
ObjectiveValue,BestRelaxation,Gap
6.0,7.0,-0.16666666666666666
ObjectiveValue,BestRelaxation,Gap
0,0,1.3
ObjectiveValue,BestRelaxation,Gap
6.0,7.0,-0.16666666666666666
ObjectiveValue,BestRelaxation,Gap
0,0,1.3
ObjectiveValue,BestRelaxation,Gap
6.0,7.0,-0.16666666666666666
ObjectiveValue,BestRelaxation,Gap
0,0,1.3
ObjectiveValue,BestRelaxation,Gap
5.0,6.0,-0.2
ObjectiveValue,BestRelaxation,Gap
0,0,1.3
ObjectiveValue,BestRelaxation,Gap
3.0,3.0,0.0
ObjectiveValue,BestRelaxation,Gap
0,0,1.3
ObjectiveValue,BestRelaxation,Gap
7.0,8.999999999999915,-0.28571428571427354
ObjectiveValue,BestRelaxation,Gap
0,0,1.3
ObjectiveValue,BestRelaxation,Gap
6.0,7.0,-0.16666666666666666
ObjectiveValue,BestRelaxation,Gap
0,0,1.3
ObjectiveValue,BestRelaxation,Gap
4.0,5.0,-0.25
ObjectiveValue,BestRelaxation,Gap
0,0,1.3
ObjectiveValue,BestRelaxation,Gap
3.0,3.0,0.0
ObjectiveValue,BestRelaxation,Gap
0,0,1.3
ObjectiveValue,BestRelaxation,Gap
3.0,3.0,0.0
ObjectiveValue,BestRelaxation,Gap
0,0,1.3
ObjectiveValue,BestRelaxation,Gap
6.0,7.0,-0.16666666666666666
ObjectiveValue,BestRelaxation,Gap
0,0,1.3
ObjectiveValue,BestRelaxation,Gap
7.0,7.999999999999938,-0.14285714285713397
ObjectiveValue,BestRelaxation,Gap
0,0,1.3
ObjectiveValue,BestRelaxation,Gap
7.0,9.0,-0.2857142857142857
ObjectiveValue,BestRelaxation,Gap
0,0,1.3
ObjectiveValue,BestRelaxation,Gap
7.0,8.0,-0.14285714285714285
ObjectiveValue,BestRelaxation,Gap
0,0,1.3
ObjectiveValue,BestRelaxation,Gap
7.0,8.0,-0.14285714285714285
ObjectiveValue,BestRelaxation,Gap
0,0,1.3
ObjectiveValue,BestRelaxation,Gap
6.0,6.999999999999939,-0.16666666666665644
ObjectiveValue,BestRelaxation,Gap
0,0,1.3
ObjectiveValue,BestRelaxation,Gap
6.0,7.0,-0.16666666666666666
ObjectiveValue,BestRelaxation,Gap
0,0,1.3
ObjectiveValue,BestRelaxation,Gap
5.0,5.999999999999953,-0.19999999999999057
ObjectiveValue,BestRelaxation,Gap
0,0,1.3
ObjectiveValue,BestRelaxation,Gap
6.0,6.999999999999929,-0.16666666666665483
ObjectiveValue,BestRelaxation,Gap
0,0,1.3
ObjectiveValue,BestRelaxation,Gap
6.0,7.0,-0.16666666666666666
ObjectiveValue,BestRelaxation,Gap
0,0,1.3
ObjectiveValue,BestRelaxation,Gap
5.0,6.0,-0.2
ObjectiveValue,BestRelaxation,Gap
0,0,1.3
ObjectiveValue,BestRelaxation,Gap
5.0,6.0,-0.2
ObjectiveValue,BestRelaxation,Gap
0,0,1.3
ObjectiveValue,BestRelaxation,Gap
4.0,5.0,-0.25
ObjectiveValue,BestRelaxation,Gap
0,0,1.3
ObjectiveValue,BestRelaxation,Gap
10.0,12.0,-0.2
ObjectiveValue,BestRelaxation,Gap
0,0,1.3
ObjectiveValue,BestRelaxation,Gap
9.0,11.0,-0.2222222222222222
ObjectiveValue,BestRelaxation,Gap
0,0,1.3
ObjectiveValue,BestRelaxation,Gap
8.0,9.999999999999936,-0.249999999999992
ObjectiveValue,BestRelaxation,Gap
0,0,1.3
ObjectiveValue,BestRelaxation,Gap
7.0,9.0,-0.2857142857142857
ObjectiveValue,BestRelaxation,Gap
0,0,1.3
ObjectiveValue,BestRelaxation,Gap
6.0,7.153714285714286,-0.1922857142857143
ObjectiveValue,BestRelaxation,Gap
0,0,1.3
ObjectiveValue,BestRelaxation,Gap
5.0,6.3188571428571425,-0.2637714285714285
ObjectiveValue,BestRelaxation,Gap
0,0,1.3
ObjectiveValue,BestRelaxation,Gap
5.0,6.0,-0.2
ObjectiveValue,BestRelaxation,Gap
0,0,1.3
ObjectiveValue,BestRelaxation,Gap
7.0,9.0,-0.2857142857142857
ObjectiveValue,BestRelaxation,Gap
0,0,1.3
ObjectiveValue,BestRelaxation,Gap
7.0,8.0,-0.14285714285714285
ObjectiveValue,BestRelaxation,Gap
0,0,1.3
ObjectiveValue,BestRelaxation,Gap
5.0,6.0,-0.2
ObjectiveValue,BestRelaxation,Gap
0,0,1.3
ObjectiveValue,BestRelaxation,Gap
6.0,7.0,-0.16666666666666666
ObjectiveValue,BestRelaxation,Gap
0,0,1.3
ObjectiveValue,BestRelaxation,Gap
6.0,7.0,-0.16666666666666666
ObjectiveValue,BestRelaxation,Gap
0,0,1.3
ObjectiveValue,BestRelaxation,Gap
5.0,5.9999999999999405,-0.1999999999999881
ObjectiveValue,BestRelaxation,Gap
0,0,1.3
ObjectiveValue,BestRelaxation,Gap
4.0,4.0,0.0
ObjectiveValue,BestRelaxation,Gap
0,0,1.3
ObjectiveValue,BestRelaxation,Gap
5.0,6.13271506236009,-0.22654301247201794
ObjectiveValue,BestRelaxation,Gap
0,0,1.3
ObjectiveValue,BestRelaxation,Gap
5.0,6.0,-0.2
ObjectiveValue,BestRelaxation,Gap
0,0,1.3
ObjectiveValue,BestRelaxation,Gap
4.0,5.0,-0.25
ObjectiveValue,BestRelaxation,Gap
0,0,1.3
ObjectiveValue,BestRelaxation,Gap
3.0,3.0,0.0
ObjectiveValue,BestRelaxation,Gap
0,0,1.3
ObjectiveValue,BestRelaxation,Gap
8.0,8.999999999999904,-0.12499999999998801
ObjectiveValue,BestRelaxation,Gap
0,0,1.3
ObjectiveValue,BestRelaxation,Gap
7.0,8.999999999999904,-0.285714285714272
ObjectiveValue,BestRelaxation,Gap
0,0,1.3
ObjectiveValue,BestRelaxation,Gap
6.0,7.632585203657523,-0.2720975339429204
ObjectiveValue,BestRelaxation,Gap
0,0,1.3
ObjectiveValue,BestRelaxation,Gap
5.0,6.0,-0.2
ObjectiveValue,BestRelaxation,Gap
0,0,1.3
ObjectiveValue,BestRelaxation,Gap
5.0,6.313391624482282,-0.2626783248964564
ObjectiveValue,BestRelaxation,Gap
0,0,1.3
ObjectiveValue,BestRelaxation,Gap
5.0,6.000000000000014,-0.20000000000000284
ObjectiveValue,BestRelaxation,Gap
0,0,1.3
ObjectiveValue,BestRelaxation,Gap
4.0,5.007780082987551,-0.25194502074688785
ObjectiveValue,BestRelaxation,Gap
0,0,1.3
ObjectiveValue,BestRelaxation,Gap
5.0,6.0,-0.2
ObjectiveValue,BestRelaxation,Gap
0,0,1.3
ObjectiveValue,BestRelaxation,Gap
4.0,5.16546762589928,-0.2913669064748201
ObjectiveValue,BestRelaxation,Gap
0,0,1.3
ObjectiveValue,BestRelaxation,Gap
3.0,3.0,0.0
ObjectiveValue,BestRelaxation,Gap
0,0,1.3
ObjectiveValue,BestRelaxation,Gap
9.0,11.999999999999888,-0.3333333333333209
ObjectiveValue,BestRelaxation,Gap
0,0,1.3
ObjectiveValue,BestRelaxation,Gap
8.0,10.376660471856088,-0.29708255898201097
ObjectiveValue,BestRelaxation,Gap
0,0,1.3
ObjectiveValue,BestRelaxation,Gap
7.0,9.0,-0.2857142857142857
ObjectiveValue,BestRelaxation,Gap
0,0,1.3
ObjectiveValue,BestRelaxation,Gap
6.0,7.525258011950028,-0.25420966865833794
ObjectiveValue,BestRelaxation,Gap
0,0,1.3
ObjectiveValue,BestRelaxation,Gap
5.0,6.4283413848631294,-0.28566827697262587
ObjectiveValue,BestRelaxation,Gap
0,0,1.3
ObjectiveValue,BestRelaxation,Gap
4.0,5.0,-0.25
ObjectiveValue,BestRelaxation,Gap
0,0,1.3
ObjectiveValue,BestRelaxation,Gap
3.0,3.0,0.0
ObjectiveValue,BestRelaxation,Gap
0,0,1.3
ObjectiveValue,BestRelaxation,Gap
3.0,3.0,0.0
ObjectiveValue,BestRelaxation,Gap
0,0,1.3
ObjectiveValue,BestRelaxation,Gap
2.0,2.0,0.0
ObjectiveValue,BestRelaxation,Gap
0,0,1.3
ObjectiveValue,BestRelaxation,Gap
10.0,10.999999999999932,-0.09999999999999325
ObjectiveValue,BestRelaxation,Gap
0,0,1.3
ObjectiveValue,BestRelaxation,Gap
9.0,10.0,-0.1111111111111111
ObjectiveValue,BestRelaxation,Gap
0,0,1.3
ObjectiveValue,BestRelaxation,Gap
8.0,9.0,-0.125
ObjectiveValue,BestRelaxation,Gap
0,0,1.3
ObjectiveValue,BestRelaxation,Gap
8.0,9.0,-0.125
ObjectiveValue,BestRelaxation,Gap
0,0,1.3
ObjectiveValue,BestRelaxation,Gap
7.0,8.0,-0.14285714285714285
ObjectiveValue,BestRelaxation,Gap
0,0,1.3
ObjectiveValue,BestRelaxation,Gap
6.0,7.0,-0.16666666666666666
ObjectiveValue,BestRelaxation,Gap
0,0,1.3
ObjectiveValue,BestRelaxation,Gap
6.0,7.0,-0.16666666666666666
ObjectiveValue,BestRelaxation,Gap
0,0,1.3
ObjectiveValue,BestRelaxation,Gap
5.0,5.999999999999933,-0.1999999999999867
ObjectiveValue,BestRelaxation,Gap
0,0,1.3
ObjectiveValue,BestRelaxation,Gap
4.0,4.0,0.0
ObjectiveValue,BestRelaxation,Gap
0,0,1.3
ObjectiveValue,BestRelaxation,Gap
4.0,4.0,0.0
ObjectiveValue,BestRelaxation,Gap
0,0,1.3
ObjectiveValue,BestRelaxation,Gap
3.0,3.0,0.0
ObjectiveValue,BestRelaxation,Gap
0,0,1.3
ObjectiveValue,BestRelaxation,Gap
2.0,2.0,0.0
ObjectiveValue,BestRelaxation,Gap
0,0,1.3
ObjectiveValue,BestRelaxation,Gap
8.0,8.0,0.0
ObjectiveValue,BestRelaxation,Gap
0,0,1.3
ObjectiveValue,BestRelaxation,Gap
8.0,8.0,0.0
ObjectiveValue,BestRelaxation,Gap
0,0,1.3
ObjectiveValue,BestRelaxation,Gap
7.0,7.0,0.0
ObjectiveValue,BestRelaxation,Gap
0,0,1.3
ObjectiveValue,BestRelaxation,Gap
9.0,9.0,0.0
ObjectiveValue,BestRelaxation,Gap
0,0,1.3
ObjectiveValue,BestRelaxation,Gap
8.0,8.0,0.0
ObjectiveValue,BestRelaxation,Gap
0,0,1.3
ObjectiveValue,BestRelaxation,Gap
7.0,7.0,0.0
ObjectiveValue,BestRelaxation,Gap
0,0,1.3
ObjectiveValue,BestRelaxation,Gap
7.0,8.0,-0.14285714285714285
ObjectiveValue,BestRelaxation,Gap
0,0,1.3
ObjectiveValue,BestRelaxation,Gap
9.0,11.0,-0.2222222222222222
ObjectiveValue,BestRelaxation,Gap
0,0,1.3
ObjectiveValue,BestRelaxation,Gap
8.0,10.999999999999952,-0.374999999999994
ObjectiveValue,BestRelaxation,Gap
0,0,1.3
ObjectiveValue,BestRelaxation,Gap
7.0,10.0,-0.42857142857142855
ObjectiveValue,BestRelaxation,Gap
0,0,1.3
ObjectiveValue,BestRelaxation,Gap
6.0,7.7700892857142865,-0.2950148809523811
ObjectiveValue,BestRelaxation,Gap
0,0,1.3
ObjectiveValue,BestRelaxation,Gap
6.0,7.0,-0.16666666666666666
ObjectiveValue,BestRelaxation,Gap
0,0,1.3
ObjectiveValue,BestRelaxation,Gap
5.0,6.0,-0.2
ObjectiveValue,BestRelaxation,Gap
0,0,1.3
ObjectiveValue,BestRelaxation,Gap
4.0,5.0,-0.25
ObjectiveValue,BestRelaxation,Gap
0,0,1.3
ObjectiveValue,BestRelaxation,Gap
3.0,3.0,0.0
ObjectiveValue,BestRelaxation,Gap
0,0,1.3
ObjectiveValue,BestRelaxation,Gap
2.0,2.0,0.0
ObjectiveValue,BestRelaxation,Gap
0,0,1.3
ObjectiveValue,BestRelaxation,Gap
1.0,1.0,0.0
ObjectiveValue,BestRelaxation,Gap
0,0,1.3
ObjectiveValue,BestRelaxation,Gap
2.0,2.0,0.0
ObjectiveValue,BestRelaxation,Gap
0,0,1.3
ObjectiveValue,BestRelaxation,Gap
3.0,3.0,0.0
ObjectiveValue,BestRelaxation,Gap
0,0,1.3
ObjectiveValue,BestRelaxation,Gap
2.0,2.0,0.0
ObjectiveValue,BestRelaxation,Gap
0,0,1.3
ObjectiveValue,BestRelaxation,Gap
2.0,2.0,0.0
ObjectiveValue,BestRelaxation,Gap
0,0,1.3
ObjectiveValue,BestRelaxation,Gap
3.0,3.0,0.0
ObjectiveValue,BestRelaxation,Gap
0,0,1.3
ObjectiveValue,BestRelaxation,Gap
3.0,3.0,0.0
ObjectiveValue,BestRelaxation,Gap
0,0,1.3
ObjectiveValue,BestRelaxation,Gap
3.0,3.0,0.0
ObjectiveValue,BestRelaxation,Gap
0,0,1.3
ObjectiveValue,BestRelaxation,Gap
2.0,2.0,0.0
ObjectiveValue,BestRelaxation,Gap
0,0,1.3
ObjectiveValue,BestRelaxation,Gap
3.0,3.0,0.0
ObjectiveValue,BestRelaxation,Gap
0,0,1.3
ObjectiveValue,BestRelaxation,Gap
2.0,2.0,0.0
ObjectiveValue,BestRelaxation,Gap
0,0,1.3
ObjectiveValue,BestRelaxation,Gap
3.0,3.0,0.0
ObjectiveValue,BestRelaxation,Gap
0,0,1.3
ObjectiveValue,BestRelaxation,Gap
2.0,2.0,0.0
ObjectiveValue,BestRelaxation,Gap
0,0,1.3
ObjectiveValue,BestRelaxation,Gap
2.0,2.0,0.0
ObjectiveValue,BestRelaxation,Gap
0,0,1.3
ObjectiveValue,BestRelaxation,Gap
3.0,3.0,0.0
ObjectiveValue,BestRelaxation,Gap
0,0,1.3
ObjectiveValue,BestRelaxation,Gap
2.0,2.0,0.0
ObjectiveValue,BestRelaxation,Gap
0,0,1.3
ObjectiveValue,BestRelaxation,Gap
5.0,5.0,0.0
ObjectiveValue,BestRelaxation,Gap
0,0,1.3
ObjectiveValue,BestRelaxation,Gap
4.0,4.0,0.0
ObjectiveValue,BestRelaxation,Gap
0,0,1.3
ObjectiveValue,BestRelaxation,Gap
3.0,3.0,0.0
ObjectiveValue,BestRelaxation,Gap
0,0,1.3
ObjectiveValue,BestRelaxation,Gap
3.0,3.0,0.0
ObjectiveValue,BestRelaxation,Gap
0,0,1.3
ObjectiveValue,BestRelaxation,Gap
7.0,8.0,-0.14285714285714285
ObjectiveValue,BestRelaxation,Gap
0,0,1.3
ObjectiveValue,BestRelaxation,Gap
9.0,10.0,-0.1111111111111111
ObjectiveValue,BestRelaxation,Gap
0,0,1.3
ObjectiveValue,BestRelaxation,Gap
8.0,9.0,-0.125
ObjectiveValue,BestRelaxation,Gap
0,0,1.3
ObjectiveValue,BestRelaxation,Gap
7.0,8.0,-0.14285714285714285
ObjectiveValue,BestRelaxation,Gap
0,0,1.3
ObjectiveValue,BestRelaxation,Gap
6.0,7.0,-0.16666666666666666
ObjectiveValue,BestRelaxation,Gap
0,0,1.3
ObjectiveValue,BestRelaxation,Gap
5.0,6.0,-0.2
ObjectiveValue,BestRelaxation,Gap
0,0,1.3
ObjectiveValue,BestRelaxation,Gap
4.0,5.0,-0.25
ObjectiveValue,BestRelaxation,Gap
0,0,1.3
ObjectiveValue,BestRelaxation,Gap
3.0,3.0,0.0
ObjectiveValue,BestRelaxation,Gap
0,0,1.3
ObjectiveValue,BestRelaxation,Gap
2.0,2.0,0.0
ObjectiveValue,BestRelaxation,Gap
0,0,1.3
ObjectiveValue,BestRelaxation,Gap
5.0,6.0,-0.2
ObjectiveValue,BestRelaxation,Gap
0,0,1.3
ObjectiveValue,BestRelaxation,Gap
4.0,5.0,-0.25
ObjectiveValue,BestRelaxation,Gap
0,0,1.3
ObjectiveValue,BestRelaxation,Gap
3.0,3.0,0.0
ObjectiveValue,BestRelaxation,Gap
0,0,1.3
ObjectiveValue,BestRelaxation,Gap
2.0,2.0,0.0
ObjectiveValue,BestRelaxation,Gap
0,0,1.3
ObjectiveValue,BestRelaxation,Gap
3.0,3.0,0.0
ObjectiveValue,BestRelaxation,Gap
0,0,1.3
ObjectiveValue,BestRelaxation,Gap
2.0,2.0,0.0
ObjectiveValue,BestRelaxation,Gap
0,0,1.3
ObjectiveValue,BestRelaxation,Gap
6.0,6.0,0.0
ObjectiveValue,BestRelaxation,Gap
0,0,1.3
ObjectiveValue,BestRelaxation,Gap
5.0,5.0,0.0
ObjectiveValue,BestRelaxation,Gap
0,0,1.3
ObjectiveValue,BestRelaxation,Gap
4.0,4.0,0.0
ObjectiveValue,BestRelaxation,Gap
0,0,1.3
ObjectiveValue,BestRelaxation,Gap
3.0,3.0,0.0
ObjectiveValue,BestRelaxation,Gap
0,0,1.3
ObjectiveValue,BestRelaxation,Gap
2.0,2.0,0.0
ObjectiveValue,BestRelaxation,Gap
0,0,1.3
ObjectiveValue,BestRelaxation,Gap
3.0,3.0,0.0
ObjectiveValue,BestRelaxation,Gap
0,0,1.3
ObjectiveValue,BestRelaxation,Gap
2.0,2.0,0.0
ObjectiveValue,BestRelaxation,Gap
0,0,1.3
ObjectiveValue,BestRelaxation,Gap
2.0,2.0,0.0
ObjectiveValue,BestRelaxation,Gap
0,0,1.3
ObjectiveValue,BestRelaxation,Gap
7.0,8.0,-0.14285714285714285
ObjectiveValue,BestRelaxation,Gap
0,0,1.3
ObjectiveValue,BestRelaxation,Gap
6.0,7.0,-0.16666666666666666
ObjectiveValue,BestRelaxation,Gap
0,0,1.3
ObjectiveValue,BestRelaxation,Gap
5.0,6.0,-0.2
ObjectiveValue,BestRelaxation,Gap
0,0,1.3
ObjectiveValue,BestRelaxation,Gap
4.0,5.0,-0.25
ObjectiveValue,BestRelaxation,Gap
0,0,1.3
ObjectiveValue,BestRelaxation,Gap
3.0,3.0,0.0
ObjectiveValue,BestRelaxation,Gap
0,0,1.3
ObjectiveValue,BestRelaxation,Gap
4.0,5.0,-0.25
ObjectiveValue,BestRelaxation,Gap
0,0,1.3
ObjectiveValue,BestRelaxation,Gap
4.0,5.000000000000002,-0.25000000000000044
ObjectiveValue,BestRelaxation,Gap
0,0,1.3
ObjectiveValue,BestRelaxation,Gap
3.0,3.0,0.0
ObjectiveValue,BestRelaxation,Gap
0,0,1.3
ObjectiveValue,BestRelaxation,Gap
4.0,4.999999999999962,-0.24999999999999045
ObjectiveValue,BestRelaxation,Gap
0,0,1.3
ObjectiveValue,BestRelaxation,Gap
3.0,3.0,0.0
ObjectiveValue,BestRelaxation,Gap
0,0,1.3
ObjectiveValue,BestRelaxation,Gap
2.0,2.0,0.0
ObjectiveValue,BestRelaxation,Gap
0,0,1.3
ObjectiveValue,BestRelaxation,Gap
3.0,3.0,0.0
ObjectiveValue,BestRelaxation,Gap
0,0,1.3
ObjectiveValue,BestRelaxation,Gap
4.0,4.0,0.0
ObjectiveValue,BestRelaxation,Gap
0,0,1.3
ObjectiveValue,BestRelaxation,Gap
3.0,3.0,0.0
ObjectiveValue,BestRelaxation,Gap
0,0,1.3
ObjectiveValue,BestRelaxation,Gap
3.0,3.0,0.0
ObjectiveValue,BestRelaxation,Gap
0,0,1.3
ObjectiveValue,BestRelaxation,Gap
2.0,2.0,0.0
ObjectiveValue,BestRelaxation,Gap
0,0,1.3
ObjectiveValue,BestRelaxation,Gap
4.0,4.0,0.0
ObjectiveValue,BestRelaxation,Gap
0,0,1.3
ObjectiveValue,BestRelaxation,Gap
3.0,3.0,0.0
ObjectiveValue,BestRelaxation,Gap
0,0,1.3
ObjectiveValue,BestRelaxation,Gap
3.0,3.0,0.0
ObjectiveValue,BestRelaxation,Gap
0,0,1.3
ObjectiveValue,BestRelaxation,Gap
2.0,2.0,0.0
ObjectiveValue,BestRelaxation,Gap
0,0,1.3
ObjectiveValue,BestRelaxation,Gap
3.0,3.0,0.0
ObjectiveValue,BestRelaxation,Gap
0,0,1.3
ObjectiveValue,BestRelaxation,Gap
2.0,2.0,0.0
ObjectiveValue,BestRelaxation,Gap
0,0,1.3
ObjectiveValue,BestRelaxation,Gap
9.0,9.0,0.0
ObjectiveValue,BestRelaxation,Gap
0,0,1.3
ObjectiveValue,BestRelaxation,Gap
8.0,8.0,0.0
ObjectiveValue,BestRelaxation,Gap
0,0,1.3
ObjectiveValue,BestRelaxation,Gap
7.0,7.0,0.0
ObjectiveValue,BestRelaxation,Gap
0,0,1.3
ObjectiveValue,BestRelaxation,Gap
6.0,6.0,0.0
ObjectiveValue,BestRelaxation,Gap
0,0,1.3
ObjectiveValue,BestRelaxation,Gap
6.0,6.0,0.0
ObjectiveValue,BestRelaxation,Gap
0,0,1.3
ObjectiveValue,BestRelaxation,Gap
5.0,5.0,0.0
ObjectiveValue,BestRelaxation,Gap
0,0,1.3
ObjectiveValue,BestRelaxation,Gap
4.0,4.0,0.0
ObjectiveValue,BestRelaxation,Gap
0,0,1.3
ObjectiveValue,BestRelaxation,Gap
3.0,3.0,0.0
ObjectiveValue,BestRelaxation,Gap
0,0,1.3
ObjectiveValue,BestRelaxation,Gap
2.0,2.0,0.0
ObjectiveValue,BestRelaxation,Gap
0,0,1.3
ObjectiveValue,BestRelaxation,Gap
2.0,2.0,0.0
ObjectiveValue,BestRelaxation,Gap
0,0,1.3
ObjectiveValue,BestRelaxation,Gap
9.0,11.0,-0.2222222222222222
ObjectiveValue,BestRelaxation,Gap
0,0,1.3
ObjectiveValue,BestRelaxation,Gap
8.0,10.0,-0.25
ObjectiveValue,BestRelaxation,Gap
0,0,1.3
ObjectiveValue,BestRelaxation,Gap
8.0,12.999999999999911,-0.6249999999999889
ObjectiveValue,BestRelaxation,Gap
0,0,1.3
ObjectiveValue,BestRelaxation,Gap
8.0,10.999999999999922,-0.37499999999999023
ObjectiveValue,BestRelaxation,Gap
0,0,1.3
ObjectiveValue,BestRelaxation,Gap
7.0,10.999999999999943,-0.5714285714285633
ObjectiveValue,BestRelaxation,Gap
0,0,1.3
ObjectiveValue,BestRelaxation,Gap
7.0,10.99999999999992,-0.57142857142856
ObjectiveValue,BestRelaxation,Gap
0,0,1.3
ObjectiveValue,BestRelaxation,Gap
6.0,10.999999999999929,-0.8333333333333215
ObjectiveValue,BestRelaxation,Gap
0,0,1.3
ObjectiveValue,BestRelaxation,Gap
7.0,9.06058339566193,-0.2943690565231328
ObjectiveValue,BestRelaxation,Gap
0,0,1.3
ObjectiveValue,BestRelaxation,Gap
7.0,8.0,-0.14285714285714285
ObjectiveValue,BestRelaxation,Gap
0,0,1.3
ObjectiveValue,BestRelaxation,Gap
6.0,7.789080029917726,-0.2981800049862877
ObjectiveValue,BestRelaxation,Gap
0,0,1.3
ObjectiveValue,BestRelaxation,Gap
6.0,7.738666666666667,-0.28977777777777786
ObjectiveValue,BestRelaxation,Gap
0,0,1.3
ObjectiveValue,BestRelaxation,Gap
6.0,8.0,-0.3333333333333333
ObjectiveValue,BestRelaxation,Gap
0,0,1.3
ObjectiveValue,BestRelaxation,Gap
5.0,6.2812266267763235,-0.2562453253552647
ObjectiveValue,BestRelaxation,Gap
0,0,1.3
ObjectiveValue,BestRelaxation,Gap
7.0,9.0,-0.2857142857142857
ObjectiveValue,BestRelaxation,Gap
0,0,1.3
ObjectiveValue,BestRelaxation,Gap
10.0,12.999999999999913,-0.2999999999999913
ObjectiveValue,BestRelaxation,Gap
0,0,1.3
ObjectiveValue,BestRelaxation,Gap
9.0,11.482666666666567,-0.2758518518518408
ObjectiveValue,BestRelaxation,Gap
0,0,1.3
ObjectiveValue,BestRelaxation,Gap
10.0,13.0,-0.3
ObjectiveValue,BestRelaxation,Gap
0,0,1.3
ObjectiveValue,BestRelaxation,Gap
9.0,11.645801526717461,-0.2939779474130513
ObjectiveValue,BestRelaxation,Gap
0,0,1.3
ObjectiveValue,BestRelaxation,Gap
9.0,10.999999999999943,-0.2222222222222159
ObjectiveValue,BestRelaxation,Gap
0,0,1.3
ObjectiveValue,BestRelaxation,Gap
9.0,10.999999999999892,-0.2222222222222102
ObjectiveValue,BestRelaxation,Gap
0,0,1.3
ObjectiveValue,BestRelaxation,Gap
8.0,10.0,-0.25
ObjectiveValue,BestRelaxation,Gap
0,0,1.3
ObjectiveValue,BestRelaxation,Gap
7.0,9.0,-0.2857142857142857
ObjectiveValue,BestRelaxation,Gap
0,0,1.3
ObjectiveValue,BestRelaxation,Gap
7.0,9.0,-0.2857142857142857
ObjectiveValue,BestRelaxation,Gap
0,0,1.3
ObjectiveValue,BestRelaxation,Gap
7.0,9.0,-0.2857142857142857
ObjectiveValue,BestRelaxation,Gap
0,0,1.3
ObjectiveValue,BestRelaxation,Gap
7.0,8.999999999999924,-0.2857142857142748
ObjectiveValue,BestRelaxation,Gap
0,0,1.3
ObjectiveValue,BestRelaxation,Gap
6.0,7.463009143807145,-0.2438348573011909
ObjectiveValue,BestRelaxation,Gap
0,0,1.3
ObjectiveValue,BestRelaxation,Gap
6.0,7.753077480086896,-0.29217958001448263
ObjectiveValue,BestRelaxation,Gap
0,0,1.3
ObjectiveValue,BestRelaxation,Gap
5.0,6.0,-0.2
ObjectiveValue,BestRelaxation,Gap
0,0,1.3
ObjectiveValue,BestRelaxation,Gap
4.0,5.194786386676322,-0.29869659666908044
ObjectiveValue,BestRelaxation,Gap
0,0,1.3
ObjectiveValue,BestRelaxation,Gap
4.0,5.0,-0.25
ObjectiveValue,BestRelaxation,Gap
0,0,1.3
ObjectiveValue,BestRelaxation,Gap
3.0,3.0,0.0
ObjectiveValue,BestRelaxation,Gap
0,0,1.3
ObjectiveValue,BestRelaxation,Gap
2.0,2.0,0.0
ObjectiveValue,BestRelaxation,Gap
0,0,1.3
ObjectiveValue,BestRelaxation,Gap
3.0,3.0,0.0
ObjectiveValue,BestRelaxation,Gap
0,0,1.3
ObjectiveValue,BestRelaxation,Gap
2.0,2.0,0.0
ObjectiveValue,BestRelaxation,Gap
0,0,1.3
ObjectiveValue,BestRelaxation,Gap
2.0,2.0,0.0
ObjectiveValue,BestRelaxation,Gap
0,0,1.3
ObjectiveValue,BestRelaxation,Gap
4.0,4.0,0.0
ObjectiveValue,BestRelaxation,Gap
0,0,1.3
ObjectiveValue,BestRelaxation,Gap
3.0,3.0,0.0
ObjectiveValue,BestRelaxation,Gap
0,0,1.3
ObjectiveValue,BestRelaxation,Gap
2.0,2.0,0.0
ObjectiveValue,BestRelaxation,Gap
0,0,1.3
ObjectiveValue,BestRelaxation,Gap
4.0,4.0,0.0
ObjectiveValue,BestRelaxation,Gap
0,0,1.3
ObjectiveValue,BestRelaxation,Gap
3.0,3.0,0.0
ObjectiveValue,BestRelaxation,Gap
0,0,1.3
ObjectiveValue,BestRelaxation,Gap
3.0,3.0,0.0
ObjectiveValue,BestRelaxation,Gap
0,0,1.3
ObjectiveValue,BestRelaxation,Gap
2.0,2.0,0.0
ObjectiveValue,BestRelaxation,Gap
0,0,1.3
ObjectiveValue,BestRelaxation,Gap
3.0,3.0,0.0
ObjectiveValue,BestRelaxation,Gap
0,0,1.3
ObjectiveValue,BestRelaxation,Gap
2.0,2.0,0.0
ObjectiveValue,BestRelaxation,Gap
0,0,1.3
ObjectiveValue,BestRelaxation,Gap
3.0,3.0,0.0
ObjectiveValue,BestRelaxation,Gap
0,0,1.3
ObjectiveValue,BestRelaxation,Gap
2.0,2.0,0.0
ObjectiveValue,BestRelaxation,Gap
0,0,1.3
ObjectiveValue,BestRelaxation,Gap
5.0,5.0,0.0
ObjectiveValue,BestRelaxation,Gap
0,0,1.3
ObjectiveValue,BestRelaxation,Gap
4.0,4.0,0.0
ObjectiveValue,BestRelaxation,Gap
0,0,1.3
ObjectiveValue,BestRelaxation,Gap
3.0,3.0,0.0
ObjectiveValue,BestRelaxation,Gap
0,0,1.3
ObjectiveValue,BestRelaxation,Gap
3.0,3.0,0.0
ObjectiveValue,BestRelaxation,Gap
0,0,1.3
ObjectiveValue,BestRelaxation,Gap
2.0,2.0,0.0
ObjectiveValue,BestRelaxation,Gap
0,0,1.3
ObjectiveValue,BestRelaxation,Gap
3.0,3.0,0.0
ObjectiveValue,BestRelaxation,Gap
0,0,1.3
ObjectiveValue,BestRelaxation,Gap
2.0,2.0,0.0
ObjectiveValue,BestRelaxation,Gap
0,0,1.3
ObjectiveValue,BestRelaxation,Gap
4.0,5.0,-0.25
ObjectiveValue,BestRelaxation,Gap
0,0,1.3
ObjectiveValue,BestRelaxation,Gap
7.0,8.0,-0.14285714285714285
ObjectiveValue,BestRelaxation,Gap
0,0,1.3
ObjectiveValue,BestRelaxation,Gap
7.0,9.0,-0.2857142857142857
ObjectiveValue,BestRelaxation,Gap
0,0,1.3
ObjectiveValue,BestRelaxation,Gap
7.0,7.999999999999917,-0.14285714285713105
ObjectiveValue,BestRelaxation,Gap
0,0,1.3
ObjectiveValue,BestRelaxation,Gap
6.0,7.0,-0.16666666666666666
ObjectiveValue,BestRelaxation,Gap
0,0,1.3
ObjectiveValue,BestRelaxation,Gap
6.0,7.0,-0.16666666666666666
ObjectiveValue,BestRelaxation,Gap
0,0,1.3
ObjectiveValue,BestRelaxation,Gap
5.0,6.0,-0.2
ObjectiveValue,BestRelaxation,Gap
0,0,1.3
ObjectiveValue,BestRelaxation,Gap
4.0,5.0,-0.25
ObjectiveValue,BestRelaxation,Gap
0,0,1.3
ObjectiveValue,BestRelaxation,Gap
3.0,3.0,0.0
ObjectiveValue,BestRelaxation,Gap
0,0,1.3
ObjectiveValue,BestRelaxation,Gap
2.0,2.0,0.0
ObjectiveValue,BestRelaxation,Gap
0,0,1.3
ObjectiveValue,BestRelaxation,Gap
2.0,2.0,0.0
ObjectiveValue,BestRelaxation,Gap
0,0,1.3
ObjectiveValue,BestRelaxation,Gap
2.0,2.0,0.0
ObjectiveValue,BestRelaxation,Gap
0,0,1.3
ObjectiveValue,BestRelaxation,Gap
3.0,3.0,0.0
ObjectiveValue,BestRelaxation,Gap
0,0,1.3
ObjectiveValue,BestRelaxation,Gap
2.0,2.0,0.0
ObjectiveValue,BestRelaxation,Gap
0,0,1.3
ObjectiveValue,BestRelaxation,Gap
3.0,3.0,0.0
ObjectiveValue,BestRelaxation,Gap
0,0,1.3
ObjectiveValue,BestRelaxation,Gap
2.0,2.0,0.0
ObjectiveValue,BestRelaxation,Gap
0,0,1.3
ObjectiveValue,BestRelaxation,Gap
3.0,3.0,0.0
ObjectiveValue,BestRelaxation,Gap
0,0,1.3
ObjectiveValue,BestRelaxation,Gap
2.0,2.0,0.0
ObjectiveValue,BestRelaxation,Gap
0,0,1.3
ObjectiveValue,BestRelaxation,Gap
2.0,2.0,0.0
ObjectiveValue,BestRelaxation,Gap
0,0,1.3
ObjectiveValue,BestRelaxation,Gap
2.0,2.0,0.0
ObjectiveValue,BestRelaxation,Gap
0,0,1.3
ObjectiveValue,BestRelaxation,Gap
2.0,2.0,0.0
ObjectiveValue,BestRelaxation,Gap
0,0,1.3
ObjectiveValue,BestRelaxation,Gap
3.0,3.0,0.0
ObjectiveValue,BestRelaxation,Gap
0,0,1.3
ObjectiveValue,BestRelaxation,Gap
4.0,4.0,0.0
ObjectiveValue,BestRelaxation,Gap
0,0,1.3
ObjectiveValue,BestRelaxation,Gap
3.0,3.0,0.0
ObjectiveValue,BestRelaxation,Gap
0,0,1.3
ObjectiveValue,BestRelaxation,Gap
2.0,2.0,0.0
ObjectiveValue,BestRelaxation,Gap
0,0,1.3
ObjectiveValue,BestRelaxation,Gap
2.0,2.0,0.0
ObjectiveValue,BestRelaxation,Gap
0,0,1.3
ObjectiveValue,BestRelaxation,Gap
6.0,7.714285714285648,-0.28571428571427465
ObjectiveValue,BestRelaxation,Gap
0,0,1.3
ObjectiveValue,BestRelaxation,Gap
5.0,6.141114982578397,-0.22822299651567945
ObjectiveValue,BestRelaxation,Gap
0,0,1.3
ObjectiveValue,BestRelaxation,Gap
4.0,5.0,-0.25
ObjectiveValue,BestRelaxation,Gap
0,0,1.3
ObjectiveValue,BestRelaxation,Gap
4.0,4.999999999999945,-0.24999999999998623
ObjectiveValue,BestRelaxation,Gap
0,0,1.3
ObjectiveValue,BestRelaxation,Gap
3.0,3.0,0.0
ObjectiveValue,BestRelaxation,Gap
0,0,1.3
ObjectiveValue,BestRelaxation,Gap
2.0,2.0,0.0
ObjectiveValue,BestRelaxation,Gap
0,0,1.3
ObjectiveValue,BestRelaxation,Gap
1.0,1.0,0.0
ObjectiveValue,BestRelaxation,Gap
0,0,1.3
ObjectiveValue,BestRelaxation,Gap
3.0,3.0,0.0
ObjectiveValue,BestRelaxation,Gap
0,0,1.3
ObjectiveValue,BestRelaxation,Gap
2.0,2.0,0.0
ObjectiveValue,BestRelaxation,Gap
0,0,1.3
ObjectiveValue,BestRelaxation,Gap
2.0,2.0,0.0
ObjectiveValue,BestRelaxation,Gap
0,0,1.3
ObjectiveValue,BestRelaxation,Gap
3.0,3.0,0.0
ObjectiveValue,BestRelaxation,Gap
0,0,1.3
ObjectiveValue,BestRelaxation,Gap
7.0,14.99999999999985,-1.1428571428571215
ObjectiveValue,BestRelaxation,Gap
0,0,1.3
ObjectiveValue,BestRelaxation,Gap
6.0,12.999999999999874,-1.1666666666666456
ObjectiveValue,BestRelaxation,Gap
0,0,1.3
ObjectiveValue,BestRelaxation,Gap
6.0,14.999999999999865,-1.4999999999999776
ObjectiveValue,BestRelaxation,Gap
0,0,1.3
ObjectiveValue,BestRelaxation,Gap
6.0,12.99999999999988,-1.1666666666666465
ObjectiveValue,BestRelaxation,Gap
0,0,1.3
ObjectiveValue,BestRelaxation,Gap
5.0,9.972769409038149,-0.9945538818076297
ObjectiveValue,BestRelaxation,Gap
0,0,1.3
ObjectiveValue,BestRelaxation,Gap
4.0,8.999999999999954,-1.2499999999999885
ObjectiveValue,BestRelaxation,Gap
0,0,1.3
ObjectiveValue,BestRelaxation,Gap
5.0,8.999999999999938,-0.7999999999999876
ObjectiveValue,BestRelaxation,Gap
0,0,1.3
ObjectiveValue,BestRelaxation,Gap
5.0,7.915492957746417,-0.5830985915492833
ObjectiveValue,BestRelaxation,Gap
0,0,1.3
ObjectiveValue,BestRelaxation,Gap
4.0,5.0,-0.25
ObjectiveValue,BestRelaxation,Gap
0,0,1.3
ObjectiveValue,BestRelaxation,Gap
7.0,8.999999999999947,-0.2857142857142781
ObjectiveValue,BestRelaxation,Gap
0,0,1.3
ObjectiveValue,BestRelaxation,Gap
6.0,7.085623678646934,-0.18093727977448903
ObjectiveValue,BestRelaxation,Gap
0,0,1.3
ObjectiveValue,BestRelaxation,Gap
5.0,6.19133192389001,-0.23826638477800194
ObjectiveValue,BestRelaxation,Gap
0,0,1.3
ObjectiveValue,BestRelaxation,Gap
4.0,5.077450308430432,-0.269362577107608
ObjectiveValue,BestRelaxation,Gap
0,0,1.3
ObjectiveValue,BestRelaxation,Gap
3.0,3.0,0.0
ObjectiveValue,BestRelaxation,Gap
0,0,1.3
ObjectiveValue,BestRelaxation,Gap
2.0,2.0,0.0
ObjectiveValue,BestRelaxation,Gap
0,0,1.3
ObjectiveValue,BestRelaxation,Gap
1.0,1.0,0.0
ObjectiveValue,BestRelaxation,Gap
0,0,1.3
ObjectiveValue,BestRelaxation,Gap
1.0,1.0,0.0
ObjectiveValue,BestRelaxation,Gap
0,0,1.3
ObjectiveValue,BestRelaxation,Gap
5.0,5.99999999999993,-0.19999999999998597
ObjectiveValue,BestRelaxation,Gap
0,0,1.3
ObjectiveValue,BestRelaxation,Gap
4.0,4.999999999999949,-0.24999999999998734
ObjectiveValue,BestRelaxation,Gap
0,0,1.3
ObjectiveValue,BestRelaxation,Gap
3.0,3.0,0.0
ObjectiveValue,BestRelaxation,Gap
0,0,1.3
ObjectiveValue,BestRelaxation,Gap
2.0,2.0,0.0
ObjectiveValue,BestRelaxation,Gap
0,0,1.3
ObjectiveValue,BestRelaxation,Gap
4.0,4.0,0.0
ObjectiveValue,BestRelaxation,Gap
0,0,1.3
ObjectiveValue,BestRelaxation,Gap
3.0,3.0,0.0
ObjectiveValue,BestRelaxation,Gap
0,0,1.3
ObjectiveValue,BestRelaxation,Gap
4.0,4.0,0.0
ObjectiveValue,BestRelaxation,Gap
0,0,1.3
ObjectiveValue,BestRelaxation,Gap
4.0,4.0,0.0
ObjectiveValue,BestRelaxation,Gap
0,0,1.3
ObjectiveValue,BestRelaxation,Gap
5.0,6.0,-0.2
ObjectiveValue,BestRelaxation,Gap
0,0,1.3
ObjectiveValue,BestRelaxation,Gap
4.0,5.0,-0.25
ObjectiveValue,BestRelaxation,Gap
0,0,1.3
ObjectiveValue,BestRelaxation,Gap
3.0,3.0,0.0
ObjectiveValue,BestRelaxation,Gap
0,0,1.3
ObjectiveValue,BestRelaxation,Gap
4.0,5.0,-0.25
ObjectiveValue,BestRelaxation,Gap
0,0,1.3
ObjectiveValue,BestRelaxation,Gap
3.0,3.0,0.0
ObjectiveValue,BestRelaxation,Gap
0,0,1.3
ObjectiveValue,BestRelaxation,Gap
2.0,2.0,0.0
ObjectiveValue,BestRelaxation,Gap
0,0,1.3
ObjectiveValue,BestRelaxation,Gap
1.0,1.0,0.0
ObjectiveValue,BestRelaxation,Gap
0,0,1.3
ObjectiveValue,BestRelaxation,Gap
4.0,4.0,0.0
ObjectiveValue,BestRelaxation,Gap
0,0,1.3
ObjectiveValue,BestRelaxation,Gap
3.0,3.0,0.0
ObjectiveValue,BestRelaxation,Gap
0,0,1.3
ObjectiveValue,BestRelaxation,Gap
3.0,3.0,0.0
ObjectiveValue,BestRelaxation,Gap
0,0,1.3
ObjectiveValue,BestRelaxation,Gap
3.0,3.0,0.0
ObjectiveValue,BestRelaxation,Gap
0,0,1.3
ObjectiveValue,BestRelaxation,Gap
3.0,3.0,0.0
ObjectiveValue,BestRelaxation,Gap
0,0,1.3
ObjectiveValue,BestRelaxation,Gap
11.0,14.0,-0.2727272727272727
ObjectiveValue,BestRelaxation,Gap
0,0,1.3
ObjectiveValue,BestRelaxation,Gap
9.0,13.999999999999908,-0.5555555555555453
ObjectiveValue,BestRelaxation,Gap
0,0,1.3
ObjectiveValue,BestRelaxation,Gap
10.0,12.999999999999945,-0.2999999999999945
ObjectiveValue,BestRelaxation,Gap
0,0,1.3
ObjectiveValue,BestRelaxation,Gap
8.0,12.0,-0.5
ObjectiveValue,BestRelaxation,Gap
0,0,1.3
ObjectiveValue,BestRelaxation,Gap
8.0,10.999999999999938,-0.37499999999999223
ObjectiveValue,BestRelaxation,Gap
0,0,1.3
ObjectiveValue,BestRelaxation,Gap
8.0,13.0,-0.625
ObjectiveValue,BestRelaxation,Gap
0,0,1.3
ObjectiveValue,BestRelaxation,Gap
7.0,12.99999999999989,-0.8571428571428414
ObjectiveValue,BestRelaxation,Gap
0,0,1.3
ObjectiveValue,BestRelaxation,Gap
6.0,12.664397549353302,-1.1107329248922169
ObjectiveValue,BestRelaxation,Gap
0,0,1.3
ObjectiveValue,BestRelaxation,Gap
6.0,11.0,-0.8333333333333334
ObjectiveValue,BestRelaxation,Gap
0,0,1.3
ObjectiveValue,BestRelaxation,Gap
6.0,9.572838665758942,-0.5954731109598237
ObjectiveValue,BestRelaxation,Gap
0,0,1.3
ObjectiveValue,BestRelaxation,Gap
5.0,7.999999999999937,-0.5999999999999874
ObjectiveValue,BestRelaxation,Gap
0,0,1.3
ObjectiveValue,BestRelaxation,Gap
4.0,7.0,-0.75
ObjectiveValue,BestRelaxation,Gap
0,0,1.3
ObjectiveValue,BestRelaxation,Gap
4.0,5.1358066712048664,-0.2839516678012166
ObjectiveValue,BestRelaxation,Gap
0,0,1.3
ObjectiveValue,BestRelaxation,Gap
8.0,10.319511130510596,-0.28993889131382455
ObjectiveValue,BestRelaxation,Gap
0,0,1.3
ObjectiveValue,BestRelaxation,Gap
7.0,8.99999999999992,-0.2857142857142743
ObjectiveValue,BestRelaxation,Gap
0,0,1.3
ObjectiveValue,BestRelaxation,Gap
6.0,7.013462976813762,-0.168910496135627
ObjectiveValue,BestRelaxation,Gap
0,0,1.3
ObjectiveValue,BestRelaxation,Gap
2.0,2.0,0.0
ObjectiveValue,BestRelaxation,Gap
0,0,1.3
ObjectiveValue,BestRelaxation,Gap
2.0,2.0,0.0
ObjectiveValue,BestRelaxation,Gap
0,0,1.3
ObjectiveValue,BestRelaxation,Gap
1.0,1.0,0.0
