,interArrivalTime,maximumWaitingTime,RealServiceTime,RealSolvable,PredictedServiceTime,PredictedSolvable,ArrivalTime,MIPAttended,Stopped,MIPnotScheduled,MIPRunTime,QueuedInstances,TimeServiceBegins,TimeServiceEnds,WaitingTimeInQueue,TimeInstanceInSystem,IdleTimeOfServer,VM,Attended,Solved
0,1,291,1.0,True,1.0,True,1.0,-1,0,0,0,0,1.0,2.0,0.0,1.0,1.0,0.0,1.0,1.0
1,130,100,1.0,True,1.0,True,131.0,-1,0,0,0,0,131.0,132.0,0.0,1.0,129.0,0.0,1.0,1.0
2,35,297,1.0,True,1.0,True,166.0,-1,0,0,0,0,166.0,167.0,0.0,1.0,34.0,0.0,1.0,1.0
3,30,282,1.0,True,1.0,True,196.0,-1,0,0,0,0,196.0,197.0,0.0,1.0,29.0,0.0,1.0,1.0
4,258,213,1.0,True,1.0,True,454.0,-1,0,0,0,0,454.0,455.0,0.0,1.0,257.0,0.0,1.0,1.0
5,119,245,1.0,True,1.0,True,573.0,-1,0,0,0,0,573.0,574.0,0.0,1.0,118.0,0.0,1.0,1.0
6,143,88,593.0,True,593.0,True,716.0,-1,1,0,0,0,716.0,914.0,0.0,198.0,142.0,0.0,1.0,0.0
7,106,257,1.0,True,1.0,True,822.0,-1,0,0,0,0,915.0,916.0,93.0,94.0,0.0,0.0,1.0,1.0
8,92,281,1.0,True,1.0,True,914.0,-1,0,0,0,1,917.0,918.0,3.0,4.0,0.0,0.0,1.0,1.0
9,248,253,1.0,True,1.0,True,1162.0,-1,0,0,0,0,1162.0,1163.0,0.0,1.0,244.0,0.0,1.0,1.0
10,209,156,1.0,True,1.0,True,1371.0,-1,0,0,0,0,1371.0,1372.0,0.0,1.0,208.0,0.0,1.0,1.0
11,202,280,1.0,True,1.0,True,1573.0,-1,0,0,0,0,1573.0,1574.0,0.0,1.0,201.0,0.0,1.0,1.0
12,268,67,1.0,True,1.0,True,1841.0,-1,0,0,0,0,1841.0,1842.0,0.0,1.0,267.0,0.0,1.0,1.0
13,78,97,1.0,True,1.0,True,1919.0,-1,0,0,0,0,1919.0,1920.0,0.0,1.0,77.0,0.0,1.0,1.0
14,139,60,1.0,True,1.0,True,2058.0,-1,0,0,0,0,2058.0,2059.0,0.0,1.0,138.0,0.0,1.0,1.0
15,82,251,1.0,True,1.0,True,2140.0,-1,0,0,0,0,2140.0,2141.0,0.0,1.0,81.0,0.0,1.0,1.0
16,211,127,1.0,True,1.0,True,2351.0,-1,0,0,0,0,2351.0,2352.0,0.0,1.0,210.0,0.0,1.0,1.0
17,167,256,1.0,True,1.0,True,2518.0,-1,0,0,0,0,2518.0,2519.0,0.0,1.0,166.0,0.0,1.0,1.0
18,264,1,1.0,True,1.0,True,2782.0,-1,0,0,0,0,2782.0,2783.0,0.0,1.0,263.0,0.0,1.0,1.0
19,44,35,1.0,True,1.0,True,2826.0,-1,0,0,0,0,2826.0,2827.0,0.0,1.0,43.0,0.0,1.0,1.0
20,232,54,216.0,True,216.0,True,3058.0,-1,0,0,0,0,3058.0,3274.0,0.0,216.0,231.0,0.0,1.0,1.0
21,24,267,7.0,True,7.0,True,3082.0,-1,0,0,0,0,,,,,,,,
22,30,232,3312.0,True,3312.0,True,3112.0,-1,0,0,0,0,,,,,,,,
23,288,48,42.0,True,42.0,True,3400.0,-1,0,0,0,0,,,,,,,,
24,190,99,3598.0,False,3598.0,False,3590.0,-1,0,0,0,0,,,,,,,,
25,37,269,3598.0,False,3598.0,False,3627.0,-1,0,0,0,0,,,,,,,,
26,65,58,3598.0,False,3598.0,False,3692.0,-1,0,0,0,0,,,,,,,,
27,253,267,3598.0,False,3598.0,False,3945.0,-1,0,0,0,0,,,,,,,,
28,125,133,3598.0,False,3598.0,False,4070.0,-1,0,0,0,0,,,,,,,,
29,134,221,82.0,True,82.0,True,4204.0,-1,0,0,0,0,,,,,,,,
30,144,62,87.0,True,87.0,True,4348.0,-1,0,0,0,0,,,,,,,,
31,120,253,75.0,True,75.0,True,4468.0,-1,0,0,0,0,,,,,,,,
32,108,252,190.0,True,190.0,True,4576.0,-1,0,0,0,0,,,,,,,,
33,35,45,512.0,True,512.0,True,4611.0,-1,0,0,0,0,,,,,,,,
34,73,234,1400.0,True,1400.0,True,4684.0,-1,0,0,0,0,,,,,,,,
35,6,157,3134.0,True,3134.0,True,4690.0,-1,0,0,0,0,,,,,,,,
36,227,76,1.0,True,1.0,True,4917.0,-1,0,0,0,0,,,,,,,,
37,109,59,1.0,True,1.0,True,5026.0,-1,0,0,0,0,,,,,,,,
38,262,262,16.0,True,16.0,True,5288.0,-1,0,0,0,0,,,,,,,,
39,60,136,1.0,True,1.0,True,5348.0,-1,0,0,0,0,,,,,,,,
40,84,32,1.0,True,1.0,True,5432.0,-1,0,0,0,0,,,,,,,,
41,13,6,275.0,True,275.0,True,5445.0,-1,0,0,0,0,,,,,,,,
42,252,198,3598.0,False,3598.0,False,5697.0,-1,0,0,0,0,,,,,,,,
43,81,12,1.0,True,1.0,True,5778.0,-1,0,0,0,0,,,,,,,,
44,156,20,1.0,True,1.0,True,5934.0,-1,0,0,0,0,,,,,,,,
45,295,159,3598.0,False,3598.0,False,6229.0,-1,0,0,0,0,,,,,,,,
46,236,3,3598.0,False,3598.0,False,6465.0,-1,0,0,0,0,,,,,,,,
47,6,140,1.0,True,1.0,True,6471.0,-1,0,0,0,0,,,,,,,,
48,75,48,49.0,True,49.0,True,6546.0,-1,0,0,0,0,,,,,,,,
49,77,195,3598.0,False,3598.0,False,6623.0,-1,0,0,0,0,,,,,,,,
50,279,20,1.0,True,1.0,True,6902.0,-1,0,0,0,0,,,,,,,,
51,13,159,1.0,True,1.0,True,6915.0,-1,0,0,0,0,,,,,,,,
52,249,174,1.0,True,1.0,True,7164.0,-1,0,0,0,0,,,,,,,,
53,63,288,1.0,True,1.0,True,7227.0,-1,0,0,0,0,,,,,,,,
54,298,169,1.0,True,1.0,True,7525.0,-1,0,0,0,0,,,,,,,,
55,147,134,1.0,True,1.0,True,7672.0,-1,0,0,0,0,,,,,,,,
56,179,234,286.0,True,286.0,True,7851.0,-1,0,0,0,0,,,,,,,,
57,83,203,1.0,True,1.0,True,7934.0,-1,0,0,0,0,,,,,,,,
58,186,14,1.0,True,1.0,True,8120.0,-1,0,0,0,0,,,,,,,,
59,59,86,1.0,True,1.0,True,8179.0,-1,0,0,0,0,,,,,,,,
60,280,111,1.0,True,1.0,True,8459.0,-1,0,0,0,0,,,,,,,,
61,264,56,1.0,True,1.0,True,8723.0,-1,0,0,0,0,,,,,,,,
62,64,166,3598.0,False,3598.0,False,8787.0,-1,0,0,0,0,,,,,,,,
63,1,229,3.0,True,3.0,True,8788.0,-1,0,0,0,0,,,,,,,,
64,219,224,7.0,True,7.0,True,9007.0,-1,0,0,0,0,,,,,,,,
65,173,270,42.0,True,42.0,True,9180.0,-1,0,0,0,0,,,,,,,,
66,172,71,6.0,True,6.0,True,9352.0,-1,0,0,0,0,,,,,,,,
67,228,109,11.0,True,11.0,True,9580.0,-1,0,0,0,0,,,,,,,,
68,289,283,1507.0,True,1507.0,True,9869.0,-1,0,0,0,0,,,,,,,,
69,260,114,22.0,True,22.0,True,10129.0,-1,0,0,0,0,,,,,,,,
70,7,221,37.0,True,37.0,True,10136.0,-1,0,0,0,0,,,,,,,,
71,195,17,5.0,True,5.0,True,10331.0,-1,0,0,0,0,,,,,,,,
72,252,247,3598.0,False,3598.0,False,10583.0,-1,0,0,0,0,,,,,,,,
73,237,148,1.0,True,1.0,True,10820.0,-1,0,0,0,0,,,,,,,,
74,294,35,3.0,True,3.0,True,11114.0,-1,0,0,0,0,,,,,,,,
75,44,282,14.0,True,14.0,True,11158.0,-1,0,0,0,0,,,,,,,,
76,215,30,36.0,True,36.0,True,11373.0,-1,0,0,0,0,,,,,,,,
77,278,263,62.0,True,62.0,True,11651.0,-1,0,0,0,0,,,,,,,,
78,66,107,2.0,True,2.0,True,11717.0,-1,0,0,0,0,,,,,,,,
79,225,21,5.0,True,5.0,True,11942.0,-1,0,0,0,0,,,,,,,,
80,262,246,4.0,True,4.0,True,12204.0,-1,0,0,0,0,,,,,,,,
81,252,221,10.0,True,10.0,True,12456.0,-1,0,0,0,0,,,,,,,,
82,233,89,3598.0,False,3598.0,False,12689.0,-1,0,0,0,0,,,,,,,,
83,122,277,85.0,True,85.0,True,12811.0,-1,0,0,0,0,,,,,,,,
84,213,161,154.0,True,154.0,True,13024.0,-1,0,0,0,0,,,,,,,,
85,200,74,1.0,True,1.0,True,13224.0,-1,0,0,0,0,,,,,,,,
86,122,45,3.0,True,3.0,True,13346.0,-1,0,0,0,0,,,,,,,,
87,147,215,32.0,True,32.0,True,13493.0,-1,0,0,0,0,,,,,,,,
88,117,286,3.0,True,3.0,True,13610.0,-1,0,0,0,0,,,,,,,,
89,201,43,1726.0,True,1726.0,True,13811.0,-1,0,0,0,0,,,,,,,,
90,119,41,1.0,True,1.0,True,13930.0,-1,0,0,0,0,,,,,,,,
91,294,58,1.0,True,1.0,True,14224.0,-1,0,0,0,0,,,,,,,,
92,109,196,1.0,True,1.0,True,14333.0,-1,0,0,0,0,,,,,,,,
93,126,12,1.0,True,1.0,True,14459.0,-1,0,0,0,0,,,,,,,,
94,103,278,1.0,True,1.0,True,14562.0,-1,0,0,0,0,,,,,,,,
95,193,147,1.0,True,1.0,True,14755.0,-1,0,0,0,0,,,,,,,,
96,265,213,1.0,True,1.0,True,15020.0,-1,0,0,0,0,,,,,,,,
97,147,295,7.0,True,7.0,True,15167.0,-1,0,0,0,0,,,,,,,,
98,112,197,70.0,True,70.0,True,15279.0,-1,0,0,0,0,,,,,,,,
99,144,176,1.0,True,1.0,True,15423.0,-1,0,0,0,0,,,,,,,,
100,33,279,17.0,True,17.0,True,15456.0,-1,0,0,0,0,,,,,,,,
101,97,280,1.0,True,1.0,True,15553.0,-1,0,0,0,0,,,,,,,,
102,87,39,1.0,True,1.0,True,15640.0,-1,0,0,0,0,,,,,,,,
103,70,268,1.0,True,1.0,True,15710.0,-1,0,0,0,0,,,,,,,,
104,212,235,35.0,True,35.0,True,15922.0,-1,0,0,0,0,,,,,,,,
105,80,21,24.0,True,24.0,True,16002.0,-1,0,0,0,0,,,,,,,,
106,99,103,1.0,True,1.0,True,16101.0,-1,0,0,0,0,,,,,,,,
107,285,50,70.0,True,70.0,True,16386.0,-1,0,0,0,0,,,,,,,,
108,261,106,3598.0,False,3598.0,False,16647.0,-1,0,0,0,0,,,,,,,,
109,168,147,1.0,True,1.0,True,16815.0,-1,0,0,0,0,,,,,,,,
110,243,160,31.0,True,31.0,True,17058.0,-1,0,0,0,0,,,,,,,,
111,132,68,3598.0,False,3598.0,False,17190.0,-1,0,0,0,0,,,,,,,,
112,87,219,1.0,True,1.0,True,17277.0,-1,0,0,0,0,,,,,,,,
113,289,284,1.0,True,1.0,True,17566.0,-1,0,0,0,0,,,,,,,,
114,246,139,1.0,True,1.0,True,17812.0,-1,0,0,0,0,,,,,,,,
115,270,217,1.0,True,1.0,True,18082.0,-1,0,0,0,0,,,,,,,,
116,194,116,1.0,True,1.0,True,18276.0,-1,0,0,0,0,,,,,,,,
117,154,116,3598.0,False,3598.0,False,18430.0,-1,0,0,0,0,,,,,,,,
118,173,203,1.0,True,1.0,True,18603.0,-1,0,0,0,0,,,,,,,,
119,262,105,1.0,True,1.0,True,18865.0,-1,0,0,0,0,,,,,,,,
120,127,242,1.0,True,1.0,True,18992.0,-1,0,0,0,0,,,,,,,,
121,3,86,1.0,True,1.0,True,18995.0,-1,0,0,0,0,,,,,,,,
122,177,189,7.0,True,7.0,True,19172.0,-1,0,0,0,0,,,,,,,,
123,6,263,3.0,True,3.0,True,19178.0,-1,0,0,0,0,,,,,,,,
124,25,121,1493.0,True,1493.0,True,19203.0,-1,0,0,0,0,,,,,,,,
125,110,117,3598.0,False,3598.0,False,19313.0,-1,0,0,0,0,,,,,,,,
126,234,244,4.0,True,4.0,True,19547.0,-1,0,0,0,0,,,,,,,,
127,79,63,3598.0,False,3598.0,False,19626.0,-1,0,0,0,0,,,,,,,,
128,84,149,1.0,True,1.0,True,19710.0,-1,0,0,0,0,,,,,,,,
129,62,215,1.0,True,1.0,True,19772.0,-1,0,0,0,0,,,,,,,,
130,239,282,1.0,True,1.0,True,20011.0,-1,0,0,0,0,,,,,,,,
131,281,166,1.0,True,1.0,True,20292.0,-1,0,0,0,0,,,,,,,,
132,95,296,52.0,True,52.0,True,20387.0,-1,0,0,0,0,,,,,,,,
133,269,31,235.0,True,235.0,True,20656.0,-1,0,0,0,0,,,,,,,,
134,122,260,6.0,True,6.0,True,20778.0,-1,0,0,0,0,,,,,,,,
135,140,294,2.0,True,2.0,True,20918.0,-1,0,0,0,0,,,,,,,,
136,229,162,310.0,True,310.0,True,21147.0,-1,0,0,0,0,,,,,,,,
137,233,289,1.0,True,1.0,True,21380.0,-1,0,0,0,0,,,,,,,,
138,26,161,2.0,True,2.0,True,21406.0,-1,0,0,0,0,,,,,,,,
139,97,220,2.0,True,2.0,True,21503.0,-1,0,0,0,0,,,,,,,,
140,226,50,1017.0,True,1017.0,True,21729.0,-1,0,0,0,0,,,,,,,,
141,93,79,2577.0,True,2577.0,True,21822.0,-1,0,0,0,0,,,,,,,,
142,63,232,3.0,True,3.0,True,21885.0,-1,0,0,0,0,,,,,,,,
143,199,101,99.0,True,99.0,True,22084.0,-1,0,0,0,0,,,,,,,,
144,119,213,1.0,True,1.0,True,22203.0,-1,0,0,0,0,,,,,,,,
145,60,232,132.0,True,132.0,True,22263.0,-1,0,0,0,0,,,,,,,,
146,243,185,45.0,True,45.0,True,22506.0,-1,0,0,0,0,,,,,,,,
147,206,31,90.0,True,90.0,True,22712.0,-1,0,0,0,0,,,,,,,,
148,38,71,3598.0,False,3598.0,False,22750.0,-1,0,0,0,0,,,,,,,,
149,152,277,1.0,True,1.0,True,22902.0,-1,0,0,0,0,,,,,,,,
150,211,114,1469.0,True,1469.0,True,23113.0,-1,0,0,0,0,,,,,,,,
151,182,115,2637.0,True,2637.0,True,23295.0,-1,0,0,0,0,,,,,,,,
152,94,231,1.0,True,1.0,True,23389.0,-1,0,0,0,0,,,,,,,,
153,2,220,244.0,True,244.0,True,23391.0,-1,0,0,0,0,,,,,,,,
154,26,233,10.0,True,10.0,True,23417.0,-1,0,0,0,0,,,,,,,,
155,193,159,2799.0,True,2799.0,True,23610.0,-1,0,0,0,0,,,,,,,,
156,188,230,2.0,True,2.0,True,23798.0,-1,0,0,0,0,,,,,,,,
157,27,278,657.0,True,657.0,True,23825.0,-1,0,0,0,0,,,,,,,,
158,123,166,503.0,True,503.0,True,23948.0,-1,0,0,0,0,,,,,,,,
159,219,214,3170.0,True,3170.0,True,24167.0,-1,0,0,0,0,,,,,,,,
160,280,141,22.0,True,22.0,True,24447.0,-1,0,0,0,0,,,,,,,,
161,96,223,3598.0,False,3598.0,False,24543.0,-1,0,0,0,0,,,,,,,,
162,75,58,1.0,True,1.0,True,24618.0,-1,0,0,0,0,,,,,,,,
163,171,206,8.0,True,8.0,True,24789.0,-1,0,0,0,0,,,,,,,,
164,63,42,2.0,True,2.0,True,24852.0,-1,0,0,0,0,,,,,,,,
165,148,154,3373.0,True,3373.0,True,25000.0,-1,0,0,0,0,,,,,,,,
166,50,287,211.0,True,211.0,True,25050.0,-1,0,0,0,0,,,,,,,,
167,250,135,1582.0,True,1582.0,True,25300.0,-1,0,0,0,0,,,,,,,,
168,180,192,2.0,True,2.0,True,25480.0,-1,0,0,0,0,,,,,,,,
169,16,128,2518.0,True,2518.0,True,25496.0,-1,0,0,0,0,,,,,,,,
170,118,151,191.0,True,191.0,True,25614.0,-1,0,0,0,0,,,,,,,,
171,99,89,1.0,True,1.0,True,25713.0,-1,0,0,0,0,,,,,,,,
172,236,258,25.0,True,25.0,True,25949.0,-1,0,0,0,0,,,,,,,,
173,274,43,244.0,True,244.0,True,26223.0,-1,0,0,0,0,,,,,,,,
174,141,237,260.0,True,260.0,True,26364.0,-1,0,0,0,0,,,,,,,,
175,143,171,43.0,True,43.0,True,26507.0,-1,0,0,0,0,,,,,,,,
176,257,176,2.0,True,2.0,True,26764.0,-1,0,0,0,0,,,,,,,,
177,156,285,67.0,True,67.0,True,26920.0,-1,0,0,0,0,,,,,,,,
178,40,229,987.0,True,987.0,True,26960.0,-1,0,0,0,0,,,,,,,,
179,132,13,8.0,True,8.0,True,27092.0,-1,0,0,0,0,,,,,,,,
180,146,49,3098.0,True,3098.0,True,27238.0,-1,0,0,0,0,,,,,,,,
181,175,199,3598.0,False,3598.0,False,27413.0,-1,0,0,0,0,,,,,,,,
182,45,83,504.0,True,504.0,True,27458.0,-1,0,0,0,0,,,,,,,,
183,203,148,3598.0,False,3598.0,False,27661.0,-1,0,0,0,0,,,,,,,,
184,105,238,1695.0,True,1695.0,True,27766.0,-1,0,0,0,0,,,,,,,,
185,79,220,1.0,True,1.0,True,27845.0,-1,0,0,0,0,,,,,,,,
186,266,219,1.0,True,1.0,True,28111.0,-1,0,0,0,0,,,,,,,,
187,97,186,1.0,True,1.0,True,28208.0,-1,0,0,0,0,,,,,,,,
188,126,63,3598.0,False,3598.0,False,28334.0,-1,0,0,0,0,,,,,,,,
189,249,69,3598.0,False,3598.0,False,28583.0,-1,0,0,0,0,,,,,,,,
190,128,243,47.0,True,47.0,True,28711.0,-1,0,0,0,0,,,,,,,,
191,244,58,151.0,True,151.0,True,28955.0,-1,0,0,0,0,,,,,,,,
192,174,186,5.0,True,5.0,True,29129.0,-1,0,0,0,0,,,,,,,,
193,8,30,5.0,True,5.0,True,29137.0,-1,0,0,0,0,,,,,,,,
194,78,214,33.0,True,33.0,True,29215.0,-1,0,0,0,0,,,,,,,,
195,166,4,4.0,True,4.0,True,29381.0,-1,0,0,0,0,,,,,,,,
196,172,91,1.0,True,1.0,True,29553.0,-1,0,0,0,0,,,,,,,,
197,262,24,1.0,True,1.0,True,29815.0,-1,0,0,0,0,,,,,,,,
198,201,233,3598.0,False,3598.0,False,30016.0,-1,0,0,0,0,,,,,,,,
199,167,118,3598.0,False,3598.0,False,30183.0,-1,0,0,0,0,,,,,,,,
200,108,80,3.0,True,3.0,True,30291.0,-1,0,0,0,0,,,,,,,,
201,226,238,2.0,True,2.0,True,30517.0,-1,0,0,0,0,,,,,,,,
202,226,3,11.0,True,11.0,True,30743.0,-1,0,0,0,0,,,,,,,,
203,223,225,12.0,True,12.0,True,30966.0,-1,0,0,0,0,,,,,,,,
204,62,82,4.0,True,4.0,True,31028.0,-1,0,0,0,0,,,,,,,,
205,233,20,36.0,True,36.0,True,31261.0,-1,0,0,0,0,,,,,,,,
206,243,174,3598.0,False,3598.0,False,31504.0,-1,0,0,0,0,,,,,,,,
207,43,132,3598.0,False,3598.0,False,31547.0,-1,0,0,0,0,,,,,,,,
208,177,279,3598.0,False,3598.0,False,31724.0,-1,0,0,0,0,,,,,,,,
209,289,266,3598.0,False,3598.0,False,32013.0,-1,0,0,0,0,,,,,,,,
210,150,7,987.0,True,987.0,True,32163.0,-1,0,0,0,0,,,,,,,,
211,210,273,848.0,True,848.0,True,32373.0,-1,0,0,0,0,,,,,,,,
212,22,143,3289.0,True,3289.0,True,32395.0,-1,0,0,0,0,,,,,,,,
213,142,133,3598.0,False,3598.0,False,32537.0,-1,0,0,0,0,,,,,,,,
214,83,76,3598.0,False,3598.0,False,32620.0,-1,0,0,0,0,,,,,,,,
215,272,162,2281.0,True,2281.0,True,32892.0,-1,0,0,0,0,,,,,,,,
216,14,62,92.0,True,92.0,True,32906.0,-1,0,0,0,0,,,,,,,,
217,80,168,3598.0,False,3598.0,False,32986.0,-1,0,0,0,0,,,,,,,,
218,229,164,3508.0,True,3508.0,True,33215.0,-1,0,0,0,0,,,,,,,,
219,143,7,253.0,True,253.0,True,33358.0,-1,0,0,0,0,,,,,,,,
220,45,107,1.0,True,1.0,True,33403.0,-1,0,0,0,0,,,,,,,,
221,54,104,3598.0,False,3598.0,False,33457.0,-1,0,0,0,0,,,,,,,,
222,127,44,10.0,True,10.0,True,33584.0,-1,0,0,0,0,,,,,,,,
223,62,101,3598.0,False,3598.0,False,33646.0,-1,0,0,0,0,,,,,,,,
224,45,156,1.0,True,1.0,True,33691.0,-1,0,0,0,0,,,,,,,,
225,99,20,3598.0,False,3598.0,False,33790.0,-1,0,0,0,0,,,,,,,,
226,146,125,3598.0,False,3598.0,False,33936.0,-1,0,0,0,0,,,,,,,,
227,9,263,290.0,True,290.0,True,33945.0,-1,0,0,0,0,,,,,,,,
228,46,185,1707.0,True,1707.0,True,33991.0,-1,0,0,0,0,,,,,,,,
229,15,298,3598.0,False,3598.0,False,34006.0,-1,0,0,0,0,,,,,,,,
230,81,32,10.0,True,10.0,True,34087.0,-1,0,0,0,0,,,,,,,,
231,190,18,2.0,True,2.0,True,34277.0,-1,0,0,0,0,,,,,,,,
232,286,203,3598.0,False,3598.0,False,34563.0,-1,0,0,0,0,,,,,,,,
233,263,203,59.0,True,59.0,True,34826.0,-1,0,0,0,0,,,,,,,,
234,115,94,3598.0,False,3598.0,False,34941.0,-1,0,0,0,0,,,,,,,,
235,264,78,70.0,True,70.0,True,35205.0,-1,0,0,0,0,,,,,,,,
236,291,299,490.0,True,490.0,True,35496.0,-1,0,0,0,0,,,,,,,,
237,24,265,3598.0,False,3598.0,False,35520.0,-1,0,0,0,0,,,,,,,,
238,250,88,18.0,True,18.0,True,35770.0,-1,0,0,0,0,,,,,,,,
239,48,77,174.0,True,174.0,True,35818.0,-1,0,0,0,0,,,,,,,,
240,109,52,72.0,True,72.0,True,35927.0,-1,0,0,0,0,,,,,,,,
241,72,85,3598.0,False,3598.0,False,35999.0,-1,0,0,0,0,,,,,,,,
242,103,292,2.0,True,2.0,True,36102.0,-1,0,0,0,0,,,,,,,,
243,132,297,4.0,True,4.0,True,36234.0,-1,0,0,0,0,,,,,,,,
244,238,292,3598.0,False,3598.0,False,36472.0,-1,0,0,0,0,,,,,,,,
245,219,48,94.0,True,94.0,True,36691.0,-1,0,0,0,0,,,,,,,,
246,238,237,3598.0,False,3598.0,False,36929.0,-1,0,0,0,0,,,,,,,,
247,31,222,61.0,True,61.0,True,36960.0,-1,0,0,0,0,,,,,,,,
248,114,185,1767.0,True,1767.0,True,37074.0,-1,0,0,0,0,,,,,,,,
249,212,55,3598.0,False,3598.0,False,37286.0,-1,0,0,0,0,,,,,,,,
250,230,41,6.0,True,6.0,True,37516.0,-1,0,0,0,0,,,,,,,,
251,218,277,3598.0,False,3598.0,False,37734.0,-1,0,0,0,0,,,,,,,,
252,143,109,3598.0,False,3598.0,False,37877.0,-1,0,0,0,0,,,,,,,,
253,81,234,109.0,True,109.0,True,37958.0,-1,0,0,0,0,,,,,,,,
254,81,88,3598.0,False,3598.0,False,38039.0,-1,0,0,0,0,,,,,,,,
255,17,212,3598.0,False,3598.0,False,38056.0,-1,0,0,0,0,,,,,,,,
256,231,9,187.0,True,187.0,True,38287.0,-1,0,0,0,0,,,,,,,,
257,133,262,3598.0,False,3598.0,False,38420.0,-1,0,0,0,0,,,,,,,,
258,183,212,3598.0,False,3598.0,False,38603.0,-1,0,0,0,0,,,,,,,,
259,236,180,3598.0,False,3598.0,False,38839.0,-1,0,0,0,0,,,,,,,,
260,162,226,3598.0,False,3598.0,False,39001.0,-1,0,0,0,0,,,,,,,,
261,262,65,1.0,True,1.0,True,39263.0,-1,0,0,0,0,,,,,,,,
262,108,130,1.0,True,1.0,True,39371.0,-1,0,0,0,0,,,,,,,,
263,296,53,1.0,True,1.0,True,39667.0,-1,0,0,0,0,,,,,,,,
264,62,138,25.0,True,25.0,True,39729.0,-1,0,0,0,0,,,,,,,,
265,89,220,1.0,True,1.0,True,39818.0,-1,0,0,0,0,,,,,,,,
266,291,86,1.0,True,1.0,True,40109.0,-1,0,0,0,0,,,,,,,,
267,168,254,40.0,True,40.0,True,40277.0,-1,0,0,0,0,,,,,,,,
268,84,62,17.0,True,17.0,True,40361.0,-1,0,0,0,0,,,,,,,,
269,52,259,1.0,True,1.0,True,40413.0,-1,0,0,0,0,,,,,,,,
270,294,157,3598.0,False,3598.0,False,40707.0,-1,0,0,0,0,,,,,,,,
271,43,228,3105.0,True,3105.0,True,40750.0,-1,0,0,0,0,,,,,,,,
272,260,272,37.0,True,37.0,True,41010.0,-1,0,0,0,0,,,,,,,,
273,216,12,3598.0,False,3598.0,False,41226.0,-1,0,0,0,0,,,,,,,,
274,206,126,118.0,True,118.0,True,41432.0,-1,0,0,0,0,,,,,,,,
275,109,264,3598.0,False,3598.0,False,41541.0,-1,0,0,0,0,,,,,,,,
276,289,239,420.0,True,420.0,True,41830.0,-1,0,0,0,0,,,,,,,,
277,129,272,3598.0,False,3598.0,False,41959.0,-1,0,0,0,0,,,,,,,,
278,35,88,156.0,True,156.0,True,41994.0,-1,0,0,0,0,,,,,,,,
279,65,284,3598.0,False,3598.0,False,42059.0,-1,0,0,0,0,,,,,,,,
280,50,81,3598.0,False,3598.0,False,42109.0,-1,0,0,0,0,,,,,,,,
281,283,154,3598.0,False,3598.0,False,42392.0,-1,0,0,0,0,,,,,,,,
282,220,129,39.0,True,39.0,True,42612.0,-1,0,0,0,0,,,,,,,,
283,13,59,22.0,True,22.0,True,42625.0,-1,0,0,0,0,,,,,,,,
284,275,208,1.0,True,1.0,True,42900.0,-1,0,0,0,0,,,,,,,,
285,273,237,528.0,True,528.0,True,43173.0,-1,0,0,0,0,,,,,,,,
286,247,194,3598.0,False,3598.0,False,43420.0,-1,0,0,0,0,,,,,,,,
287,138,18,3598.0,False,3598.0,False,43558.0,-1,0,0,0,0,,,,,,,,
288,261,73,3598.0,False,3598.0,False,43819.0,-1,0,0,0,0,,,,,,,,
289,202,130,246.0,True,246.0,True,44021.0,-1,0,0,0,0,,,,,,,,
290,279,101,1459.0,True,1459.0,True,44300.0,-1,0,0,0,0,,,,,,,,
291,61,179,128.0,True,128.0,True,44361.0,-1,0,0,0,0,,,,,,,,
292,272,146,91.0,True,91.0,True,44633.0,-1,0,0,0,0,,,,,,,,
293,248,87,251.0,True,251.0,True,44881.0,-1,0,0,0,0,,,,,,,,
294,233,292,40.0,True,40.0,True,45114.0,-1,0,0,0,0,,,,,,,,
295,96,273,1262.0,True,1262.0,True,45210.0,-1,0,0,0,0,,,,,,,,
296,74,167,3598.0,False,3598.0,False,45284.0,-1,0,0,0,0,,,,,,,,
297,109,141,3598.0,False,3598.0,False,45393.0,-1,0,0,0,0,,,,,,,,
298,72,32,48.0,True,48.0,True,45465.0,-1,0,0,0,0,,,,,,,,
299,51,122,2.0,True,2.0,True,45516.0,-1,0,0,0,0,,,,,,,,
300,289,186,54.0,True,54.0,True,45805.0,-1,0,0,0,0,,,,,,,,
301,39,242,1459.0,True,1459.0,True,45844.0,-1,0,0,0,0,,,,,,,,
302,253,6,1368.0,True,1368.0,True,46097.0,-1,0,0,0,0,,,,,,,,
303,115,246,43.0,True,43.0,True,46212.0,-1,0,0,0,0,,,,,,,,
304,73,88,157.0,True,157.0,True,46285.0,-1,0,0,0,0,,,,,,,,
305,264,277,3598.0,False,3598.0,False,46549.0,-1,0,0,0,0,,,,,,,,
306,167,243,42.0,True,42.0,True,46716.0,-1,0,0,0,0,,,,,,,,
307,183,16,305.0,True,305.0,True,46899.0,-1,0,0,0,0,,,,,,,,
308,249,22,555.0,True,555.0,True,47148.0,-1,0,0,0,0,,,,,,,,
309,294,8,83.0,True,83.0,True,47442.0,-1,0,0,0,0,,,,,,,,
310,251,135,3598.0,False,3598.0,False,47693.0,-1,0,0,0,0,,,,,,,,
311,252,228,3598.0,False,3598.0,False,47945.0,-1,0,0,0,0,,,,,,,,
312,277,112,2.0,True,2.0,True,48222.0,-1,0,0,0,0,,,,,,,,
313,205,290,3598.0,False,3598.0,False,48427.0,-1,0,0,0,0,,,,,,,,
314,295,215,5.0,True,5.0,True,48722.0,-1,0,0,0,0,,,,,,,,
315,175,134,6.0,True,6.0,True,48897.0,-1,0,0,0,0,,,,,,,,
316,43,265,9.0,True,9.0,True,48940.0,-1,0,0,0,0,,,,,,,,
317,106,271,3598.0,False,3598.0,False,49046.0,-1,0,0,0,0,,,,,,,,
318,97,27,35.0,True,35.0,True,49143.0,-1,0,0,0,0,,,,,,,,
319,84,21,3598.0,False,3598.0,False,49227.0,-1,0,0,0,0,,,,,,,,
320,244,266,56.0,True,56.0,True,49471.0,-1,0,0,0,0,,,,,,,,
321,235,25,3598.0,False,3598.0,False,49706.0,-1,0,0,0,0,,,,,,,,
322,45,238,3598.0,False,3598.0,False,49751.0,-1,0,0,0,0,,,,,,,,
323,42,125,3598.0,False,3598.0,False,49793.0,-1,0,0,0,0,,,,,,,,
324,161,294,54.0,True,54.0,True,49954.0,-1,0,0,0,0,,,,,,,,
325,170,94,79.0,True,79.0,True,50124.0,-1,0,0,0,0,,,,,,,,
326,158,292,138.0,True,138.0,True,50282.0,-1,0,0,0,0,,,,,,,,
327,133,233,16.0,True,16.0,True,50415.0,-1,0,0,0,0,,,,,,,,
328,119,83,3598.0,False,3598.0,False,50534.0,-1,0,0,0,0,,,,,,,,
329,97,199,40.0,True,40.0,True,50631.0,-1,0,0,0,0,,,,,,,,
330,277,20,3598.0,False,3598.0,False,50908.0,-1,0,0,0,0,,,,,,,,
331,51,126,70.0,True,70.0,True,50959.0,-1,0,0,0,0,,,,,,,,
332,22,160,3598.0,False,3598.0,False,50981.0,-1,0,0,0,0,,,,,,,,
333,125,120,42.0,True,42.0,True,51106.0,-1,0,0,0,0,,,,,,,,
334,73,150,2643.0,True,2643.0,True,51179.0,-1,0,0,0,0,,,,,,,,
335,138,168,3598.0,False,3598.0,False,51317.0,-1,0,0,0,0,,,,,,,,
336,89,231,8.0,True,8.0,True,51406.0,-1,0,0,0,0,,,,,,,,
337,208,78,342.0,True,342.0,True,51614.0,-1,0,0,0,0,,,,,,,,
338,104,53,3598.0,False,3598.0,False,51718.0,-1,0,0,0,0,,,,,,,,
339,20,109,35.0,True,35.0,True,51738.0,-1,0,0,0,0,,,,,,,,
340,231,249,7.0,True,7.0,True,51969.0,-1,0,0,0,0,,,,,,,,
341,206,270,3598.0,False,3598.0,False,52175.0,-1,0,0,0,0,,,,,,,,
342,62,103,443.0,True,443.0,True,52237.0,-1,0,0,0,0,,,,,,,,
343,252,148,850.0,True,850.0,True,52489.0,-1,0,0,0,0,,,,,,,,
344,13,289,97.0,True,97.0,True,52502.0,-1,0,0,0,0,,,,,,,,
345,18,109,3000.0,True,3000.0,True,52520.0,-1,0,0,0,0,,,,,,,,
346,32,159,60.0,True,60.0,True,52552.0,-1,0,0,0,0,,,,,,,,
347,153,66,2885.0,True,2885.0,True,52705.0,-1,0,0,0,0,,,,,,,,
348,20,48,3598.0,False,3598.0,False,52725.0,-1,0,0,0,0,,,,,,,,
349,108,250,1564.0,True,1564.0,True,52833.0,-1,0,0,0,0,,,,,,,,
350,230,162,536.0,True,536.0,True,53063.0,-1,0,0,0,0,,,,,,,,
351,103,102,3598.0,False,3598.0,False,53166.0,-1,0,0,0,0,,,,,,,,
352,247,279,119.0,True,119.0,True,53413.0,-1,0,0,0,0,,,,,,,,
353,270,238,19.0,True,19.0,True,53683.0,-1,0,0,0,0,,,,,,,,
354,262,87,111.0,True,111.0,True,53945.0,-1,0,0,0,0,,,,,,,,
355,195,122,364.0,True,364.0,True,54140.0,-1,0,0,0,0,,,,,,,,
356,287,69,266.0,True,266.0,True,54427.0,-1,0,0,0,0,,,,,,,,
357,170,57,91.0,True,91.0,True,54597.0,-1,0,0,0,0,,,,,,,,
358,50,276,3598.0,False,3598.0,False,54647.0,-1,0,0,0,0,,,,,,,,
359,111,185,60.0,True,60.0,True,54758.0,-1,0,0,0,0,,,,,,,,
360,142,49,2281.0,True,2281.0,True,54900.0,-1,0,0,0,0,,,,,,,,
361,94,135,477.0,True,477.0,True,54994.0,-1,0,0,0,0,,,,,,,,
362,39,188,888.0,True,888.0,True,55033.0,-1,0,0,0,0,,,,,,,,
363,143,47,345.0,True,345.0,True,55176.0,-1,0,0,0,0,,,,,,,,
364,109,269,3598.0,False,3598.0,False,55285.0,-1,0,0,0,0,,,,,,,,
365,278,253,35.0,True,35.0,True,55563.0,-1,0,0,0,0,,,,,,,,
366,121,166,613.0,True,613.0,True,55684.0,-1,0,0,0,0,,,,,,,,
367,113,221,122.0,True,122.0,True,55797.0,-1,0,0,0,0,,,,,,,,
368,237,7,3598.0,False,3598.0,False,56034.0,-1,0,0,0,0,,,,,,,,
369,123,191,4.0,True,4.0,True,56157.0,-1,0,0,0,0,,,,,,,,
370,291,138,3598.0,False,3598.0,False,56448.0,-1,0,0,0,0,,,,,,,,
371,160,116,2.0,True,2.0,True,56608.0,-1,0,0,0,0,,,,,,,,
372,234,50,172.0,True,172.0,True,56842.0,-1,0,0,0,0,,,,,,,,
373,104,79,3598.0,False,3598.0,False,56946.0,-1,0,0,0,0,,,,,,,,
374,241,131,3.0,True,3.0,True,57187.0,-1,0,0,0,0,,,,,,,,
375,224,128,354.0,True,354.0,True,57411.0,-1,0,0,0,0,,,,,,,,
376,215,109,93.0,True,93.0,True,57626.0,-1,0,0,0,0,,,,,,,,
377,24,201,2.0,True,2.0,True,57650.0,-1,0,0,0,0,,,,,,,,
378,3,258,8.0,True,8.0,True,57653.0,-1,0,0,0,0,,,,,,,,
379,268,85,374.0,True,374.0,True,57921.0,-1,0,0,0,0,,,,,,,,
380,48,106,3598.0,False,3598.0,False,57969.0,-1,0,0,0,0,,,,,,,,
381,37,298,11.0,True,11.0,True,58006.0,-1,0,0,0,0,,,,,,,,
382,172,218,3598.0,False,3598.0,False,58178.0,-1,0,0,0,0,,,,,,,,
383,290,107,1812.0,True,1812.0,True,58468.0,-1,0,0,0,0,,,,,,,,
384,256,63,1941.0,True,1941.0,True,58724.0,-1,0,0,0,0,,,,,,,,
385,37,229,3598.0,False,3598.0,False,58761.0,-1,0,0,0,0,,,,,,,,
386,260,236,7.0,True,7.0,True,59021.0,-1,0,0,0,0,,,,,,,,
387,29,223,14.0,True,14.0,True,59050.0,-1,0,0,0,0,,,,,,,,
388,186,265,48.0,True,48.0,True,59236.0,-1,0,0,0,0,,,,,,,,
389,290,70,2450.0,True,2450.0,True,59526.0,-1,0,0,0,0,,,,,,,,
390,19,203,8.0,True,8.0,True,59545.0,-1,0,0,0,0,,,,,,,,
391,180,191,470.0,True,470.0,True,59725.0,-1,0,0,0,0,,,,,,,,
392,14,82,3598.0,False,3598.0,False,59739.0,-1,0,0,0,0,,,,,,,,
393,251,204,10.0,True,10.0,True,59990.0,-1,0,0,0,0,,,,,,,,
394,25,229,4.0,True,4.0,True,60015.0,-1,0,0,0,0,,,,,,,,
395,184,33,161.0,True,161.0,True,60199.0,-1,0,0,0,0,,,,,,,,
396,240,287,9.0,True,9.0,True,60439.0,-1,0,0,0,0,,,,,,,,
397,203,142,3598.0,False,3598.0,False,60642.0,-1,0,0,0,0,,,,,,,,
398,53,102,19.0,True,19.0,True,60695.0,-1,0,0,0,0,,,,,,,,
399,163,119,15.0,True,15.0,True,60858.0,-1,0,0,0,0,,,,,,,,
400,41,70,23.0,True,23.0,True,60899.0,-1,0,0,0,0,,,,,,,,
401,85,106,1754.0,True,1754.0,True,60984.0,-1,0,0,0,0,,,,,,,,
402,75,135,3598.0,False,3598.0,False,61059.0,-1,0,0,0,0,,,,,,,,
403,102,128,3598.0,False,3598.0,False,61161.0,-1,0,0,0,0,,,,,,,,
404,10,231,3598.0,False,3598.0,False,61171.0,-1,0,0,0,0,,,,,,,,
405,35,8,840.0,True,840.0,True,61206.0,-1,0,0,0,0,,,,,,,,
406,284,134,3598.0,False,3598.0,False,61490.0,-1,0,0,0,0,,,,,,,,
407,14,26,506.0,True,506.0,True,61504.0,-1,0,0,0,0,,,,,,,,
408,206,8,3598.0,False,3598.0,False,61710.0,-1,0,0,0,0,,,,,,,,
409,177,164,3598.0,False,3598.0,False,61887.0,-1,0,0,0,0,,,,,,,,
410,232,191,596.0,True,596.0,True,62119.0,-1,0,0,0,0,,,,,,,,
411,228,55,3598.0,False,3598.0,False,62347.0,-1,0,0,0,0,,,,,,,,
412,71,44,3598.0,False,3598.0,False,62418.0,-1,0,0,0,0,,,,,,,,
413,121,32,3598.0,False,3598.0,False,62539.0,-1,0,0,0,0,,,,,,,,
414,86,143,3598.0,False,3598.0,False,62625.0,-1,0,0,0,0,,,,,,,,
415,210,261,3598.0,False,3598.0,False,62835.0,-1,0,0,0,0,,,,,,,,
416,72,17,3598.0,False,3598.0,False,62907.0,-1,0,0,0,0,,,,,,,,
417,50,215,3598.0,False,3598.0,False,62957.0,-1,0,0,0,0,,,,,,,,
418,213,156,3598.0,False,3598.0,False,63170.0,-1,0,0,0,0,,,,,,,,
419,277,212,123.0,True,123.0,True,63447.0,-1,0,0,0,0,,,,,,,,
420,177,271,3598.0,False,3598.0,False,63624.0,-1,0,0,0,0,,,,,,,,
421,183,31,3598.0,False,3598.0,False,63807.0,-1,0,0,0,0,,,,,,,,
422,209,203,3598.0,False,3598.0,False,64016.0,-1,0,0,0,0,,,,,,,,
423,96,255,3598.0,False,3598.0,False,64112.0,-1,0,0,0,0,,,,,,,,
424,195,96,3598.0,False,3598.0,False,64307.0,-1,0,0,0,0,,,,,,,,
425,265,200,3598.0,False,3598.0,False,64572.0,-1,0,0,0,0,,,,,,,,
426,92,16,3598.0,False,3598.0,False,64664.0,-1,0,0,0,0,,,,,,,,
427,149,294,3598.0,False,3598.0,False,64813.0,-1,0,0,0,0,,,,,,,,
428,70,191,3598.0,False,3598.0,False,64883.0,-1,0,0,0,0,,,,,,,,
429,53,232,3598.0,False,3598.0,False,64936.0,-1,0,0,0,0,,,,,,,,
430,238,42,3598.0,False,3598.0,False,65174.0,-1,0,0,0,0,,,,,,,,
431,243,134,297.0,True,297.0,True,65417.0,-1,0,0,0,0,,,,,,,,
432,142,141,3598.0,False,3598.0,False,65559.0,-1,0,0,0,0,,,,,,,,
433,181,263,3598.0,False,3598.0,False,65740.0,-1,0,0,0,0,,,,,,,,
434,176,114,3598.0,False,3598.0,False,65916.0,-1,0,0,0,0,,,,,,,,
435,276,171,3598.0,False,3598.0,False,66192.0,-1,0,0,0,0,,,,,,,,
436,98,128,3598.0,False,3598.0,False,66290.0,-1,0,0,0,0,,,,,,,,
437,90,100,3598.0,False,3598.0,False,66380.0,-1,0,0,0,0,,,,,,,,
438,218,88,3007.0,True,3007.0,True,66598.0,-1,0,0,0,0,,,,,,,,
439,84,164,52.0,True,52.0,True,66682.0,-1,0,0,0,0,,,,,,,,
440,117,8,173.0,True,173.0,True,66799.0,-1,0,0,0,0,,,,,,,,
441,103,257,3598.0,False,3598.0,False,66902.0,-1,0,0,0,0,,,,,,,,
442,153,259,3598.0,False,3598.0,False,67055.0,-1,0,0,0,0,,,,,,,,
443,296,130,3598.0,False,3598.0,False,67351.0,-1,0,0,0,0,,,,,,,,
444,243,152,3412.0,True,3412.0,True,67594.0,-1,0,0,0,0,,,,,,,,
445,272,98,3598.0,False,3598.0,False,67866.0,-1,0,0,0,0,,,,,,,,
446,153,169,3598.0,False,3598.0,False,68019.0,-1,0,0,0,0,,,,,,,,
447,194,254,3598.0,False,3598.0,False,68213.0,-1,0,0,0,0,,,,,,,,
448,119,235,2265.0,True,2265.0,True,68332.0,-1,0,0,0,0,,,,,,,,
449,64,148,3598.0,False,3598.0,False,68396.0,-1,0,0,0,0,,,,,,,,
450,13,209,3598.0,False,3598.0,False,68409.0,-1,0,0,0,0,,,,,,,,
451,178,21,3598.0,False,3598.0,False,68587.0,-1,0,0,0,0,,,,,,,,
452,70,15,185.0,True,185.0,True,68657.0,-1,0,0,0,0,,,,,,,,
453,292,87,3.0,True,3.0,True,68949.0,-1,0,0,0,0,,,,,,,,
454,296,189,3598.0,False,3598.0,False,69245.0,-1,0,0,0,0,,,,,,,,
455,179,178,3598.0,False,3598.0,False,69424.0,-1,0,0,0,0,,,,,,,,
456,90,17,3598.0,False,3598.0,False,69514.0,-1,0,0,0,0,,,,,,,,
457,67,278,3598.0,False,3598.0,False,69581.0,-1,0,0,0,0,,,,,,,,
458,158,178,3598.0,False,3598.0,False,69739.0,-1,0,0,0,0,,,,,,,,
459,16,63,29.0,True,29.0,True,69755.0,-1,0,0,0,0,,,,,,,,
460,260,245,23.0,True,23.0,True,70015.0,-1,0,0,0,0,,,,,,,,
461,38,208,23.0,True,23.0,True,70053.0,-1,0,0,0,0,,,,,,,,
462,95,202,2033.0,True,2033.0,True,70148.0,-1,0,0,0,0,,,,,,,,
463,164,272,3598.0,False,3598.0,False,70312.0,-1,0,0,0,0,,,,,,,,
464,26,214,3598.0,False,3598.0,False,70338.0,-1,0,0,0,0,,,,,,,,
465,52,9,2832.0,True,2832.0,True,70390.0,-1,0,0,0,0,,,,,,,,
466,166,203,3598.0,False,3598.0,False,70556.0,-1,0,0,0,0,,,,,,,,
467,155,135,3598.0,False,3598.0,False,70711.0,-1,0,0,0,0,,,,,,,,
468,6,17,3598.0,False,3598.0,False,70717.0,-1,0,0,0,0,,,,,,,,
469,111,62,16.0,True,16.0,True,70828.0,-1,0,0,0,0,,,,,,,,
470,254,165,1982.0,True,1982.0,True,71082.0,-1,0,0,0,0,,,,,,,,
471,176,43,36.0,True,36.0,True,71258.0,-1,0,0,0,0,,,,,,,,
472,38,213,34.0,True,34.0,True,71296.0,-1,0,0,0,0,,,,,,,,
473,49,294,3156.0,True,3156.0,True,71345.0,-1,0,0,0,0,,,,,,,,
474,192,124,129.0,True,129.0,True,71537.0,-1,0,0,0,0,,,,,,,,
475,180,187,3598.0,False,3598.0,False,71717.0,-1,0,0,0,0,,,,,,,,
476,298,14,3598.0,False,3598.0,False,72015.0,-1,0,0,0,0,,,,,,,,
477,51,207,23.0,True,23.0,True,72066.0,-1,0,0,0,0,,,,,,,,
478,248,35,3598.0,False,3598.0,False,72314.0,-1,0,0,0,0,,,,,,,,
479,108,106,136.0,True,136.0,True,72422.0,-1,0,0,0,0,,,,,,,,
480,45,120,12.0,True,12.0,True,72467.0,-1,0,0,0,0,,,,,,,,
481,22,253,3598.0,False,3598.0,False,72489.0,-1,0,0,0,0,,,,,,,,
482,117,85,2878.0,True,2878.0,True,72606.0,-1,0,0,0,0,,,,,,,,
483,49,285,2667.0,True,2667.0,True,72655.0,-1,0,0,0,0,,,,,,,,
484,126,167,173.0,True,173.0,True,72781.0,-1,0,0,0,0,,,,,,,,
485,121,108,563.0,True,563.0,True,72902.0,-1,0,0,0,0,,,,,,,,
486,122,113,174.0,True,174.0,True,73024.0,-1,0,0,0,0,,,,,,,,
487,114,256,212.0,True,212.0,True,73138.0,-1,0,0,0,0,,,,,,,,
488,86,37,365.0,True,365.0,True,73224.0,-1,0,0,0,0,,,,,,,,
489,277,242,245.0,True,245.0,True,73501.0,-1,0,0,0,0,,,,,,,,
490,122,90,191.0,True,191.0,True,73623.0,-1,0,0,0,0,,,,,,,,
491,23,200,189.0,True,189.0,True,73646.0,-1,0,0,0,0,,,,,,,,
492,214,148,1884.0,True,1884.0,True,73860.0,-1,0,0,0,0,,,,,,,,
493,135,283,211.0,True,211.0,True,73995.0,-1,0,0,0,0,,,,,,,,
494,140,137,429.0,True,429.0,True,74135.0,-1,0,0,0,0,,,,,,,,
495,215,26,595.0,True,595.0,True,74350.0,-1,0,0,0,0,,,,,,,,
496,207,87,3598.0,False,3598.0,False,74557.0,-1,0,0,0,0,,,,,,,,
497,45,278,307.0,True,307.0,True,74602.0,-1,0,0,0,0,,,,,,,,
498,290,270,26.0,True,26.0,True,74892.0,-1,0,0,0,0,,,,,,,,
499,2,110,188.0,True,188.0,True,74894.0,-1,0,0,0,0,,,,,,,,
500,23,54,208.0,True,208.0,True,74917.0,-1,0,0,0,0,,,,,,,,
501,21,263,206.0,True,206.0,True,74938.0,-1,0,0,0,0,,,,,,,,
502,219,246,3598.0,False,3598.0,False,75157.0,-1,0,0,0,0,,,,,,,,
503,288,108,305.0,True,305.0,True,75445.0,-1,0,0,0,0,,,,,,,,
504,244,133,223.0,True,223.0,True,75689.0,-1,0,0,0,0,,,,,,,,
505,158,72,649.0,True,649.0,True,75847.0,-1,0,0,0,0,,,,,,,,
506,211,38,223.0,True,223.0,True,76058.0,-1,0,0,0,0,,,,,,,,
507,273,8,509.0,True,509.0,True,76331.0,-1,0,0,0,0,,,,,,,,
508,44,136,3598.0,False,3598.0,False,76375.0,-1,0,0,0,0,,,,,,,,
509,232,297,3281.0,True,3281.0,True,76607.0,-1,0,0,0,0,,,,,,,,
510,148,294,3598.0,False,3598.0,False,76755.0,-1,0,0,0,0,,,,,,,,
511,58,52,133.0,True,133.0,True,76813.0,-1,0,0,0,0,,,,,,,,
512,65,259,20.0,True,20.0,True,76878.0,-1,0,0,0,0,,,,,,,,
513,140,19,70.0,True,70.0,True,77018.0,-1,0,0,0,0,,,,,,,,
514,270,169,3598.0,False,3598.0,False,77288.0,-1,0,0,0,0,,,,,,,,
515,235,45,636.0,True,636.0,True,77523.0,-1,0,0,0,0,,,,,,,,
516,250,218,3598.0,False,3598.0,False,77773.0,-1,0,0,0,0,,,,,,,,
517,175,104,3598.0,False,3598.0,False,77948.0,-1,0,0,0,0,,,,,,,,
518,33,114,1535.0,True,1535.0,True,77981.0,-1,0,0,0,0,,,,,,,,
519,202,106,36.0,True,36.0,True,78183.0,-1,0,0,0,0,,,,,,,,
520,8,185,62.0,True,62.0,True,78191.0,-1,0,0,0,0,,,,,,,,
521,142,144,3598.0,False,3598.0,False,78333.0,-1,0,0,0,0,,,,,,,,
522,177,101,5.0,True,5.0,True,78510.0,-1,0,0,0,0,,,,,,,,
523,296,269,3598.0,False,3598.0,False,78806.0,-1,0,0,0,0,,,,,,,,
524,291,48,3598.0,False,3598.0,False,79097.0,-1,0,0,0,0,,,,,,,,
525,244,220,689.0,True,689.0,True,79341.0,-1,0,0,0,0,,,,,,,,
526,170,188,3598.0,False,3598.0,False,79511.0,-1,0,0,0,0,,,,,,,,
527,62,274,3598.0,False,3598.0,False,79573.0,-1,0,0,0,0,,,,,,,,
528,144,158,3598.0,False,3598.0,False,79717.0,-1,0,0,0,0,,,,,,,,
529,234,168,3598.0,False,3598.0,False,79951.0,-1,0,0,0,0,,,,,,,,
530,241,297,613.0,True,613.0,True,80192.0,-1,0,0,0,0,,,,,,,,
531,39,56,3598.0,False,3598.0,False,80231.0,-1,0,0,0,0,,,,,,,,
532,247,17,40.0,True,40.0,True,80478.0,-1,0,0,0,0,,,,,,,,
533,246,234,395.0,True,395.0,True,80724.0,-1,0,0,0,0,,,,,,,,
534,224,44,3598.0,False,3598.0,False,80948.0,-1,0,0,0,0,,,,,,,,
535,130,281,65.0,True,65.0,True,81078.0,-1,0,0,0,0,,,,,,,,
536,220,183,143.0,True,143.0,True,81298.0,-1,0,0,0,0,,,,,,,,
537,213,16,3598.0,False,3598.0,False,81511.0,-1,0,0,0,0,,,,,,,,
538,9,107,43.0,True,43.0,True,81520.0,-1,0,0,0,0,,,,,,,,
539,241,269,69.0,True,69.0,True,81761.0,-1,0,0,0,0,,,,,,,,
540,276,236,42.0,True,42.0,True,82037.0,-1,0,0,0,0,,,,,,,,
541,258,27,276.0,True,276.0,True,82295.0,-1,0,0,0,0,,,,,,,,
542,14,102,230.0,True,230.0,True,82309.0,-1,0,0,0,0,,,,,,,,
543,94,181,3598.0,False,3598.0,False,82403.0,-1,0,0,0,0,,,,,,,,
544,216,163,47.0,True,47.0,True,82619.0,-1,0,0,0,0,,,,,,,,
545,26,30,1525.0,True,1525.0,True,82645.0,-1,0,0,0,0,,,,,,,,
546,201,159,3598.0,False,3598.0,False,82846.0,-1,0,0,0,0,,,,,,,,
547,43,157,3598.0,False,3598.0,False,82889.0,-1,0,0,0,0,,,,,,,,
548,35,26,3598.0,False,3598.0,False,82924.0,-1,0,0,0,0,,,,,,,,
549,63,219,8.0,True,8.0,True,82987.0,-1,0,0,0,0,,,,,,,,
550,129,229,21.0,True,21.0,True,83116.0,-1,0,0,0,0,,,,,,,,
551,47,28,42.0,True,42.0,True,83163.0,-1,0,0,0,0,,,,,,,,
552,101,183,372.0,True,372.0,True,83264.0,-1,0,0,0,0,,,,,,,,
553,13,74,2188.0,True,2188.0,True,83277.0,-1,0,0,0,0,,,,,,,,
554,126,209,128.0,True,128.0,True,83403.0,-1,0,0,0,0,,,,,,,,
555,23,245,3598.0,False,3598.0,False,83426.0,-1,0,0,0,0,,,,,,,,
556,274,283,1322.0,True,1322.0,True,83700.0,-1,0,0,0,0,,,,,,,,
557,121,263,34.0,True,34.0,True,83821.0,-1,0,0,0,0,,,,,,,,
558,203,103,3598.0,False,3598.0,False,84024.0,-1,0,0,0,0,,,,,,,,
559,121,274,42.0,True,42.0,True,84145.0,-1,0,0,0,0,,,,,,,,
560,127,227,323.0,True,323.0,True,84272.0,-1,0,0,0,0,,,,,,,,
561,220,103,3598.0,False,3598.0,False,84492.0,-1,0,0,0,0,,,,,,,,
562,115,229,2.0,True,2.0,True,84607.0,-1,0,0,0,0,,,,,,,,
563,80,115,70.0,True,70.0,True,84687.0,-1,0,0,0,0,,,,,,,,
564,273,189,3598.0,False,3598.0,False,84960.0,-1,0,0,0,0,,,,,,,,
565,32,56,30.0,True,30.0,True,84992.0,-1,0,0,0,0,,,,,,,,
566,173,44,334.0,True,334.0,True,85165.0,-1,0,0,0,0,,,,,,,,
567,291,218,844.0,True,844.0,True,85456.0,-1,0,0,0,0,,,,,,,,
568,236,257,3598.0,False,3598.0,False,85692.0,-1,0,0,0,0,,,,,,,,
569,293,223,3598.0,False,3598.0,False,85985.0,-1,0,0,0,0,,,,,,,,
570,2,151,1017.0,True,1017.0,True,85987.0,-1,0,0,0,0,,,,,,,,
571,7,203,825.0,True,825.0,True,85994.0,-1,0,0,0,0,,,,,,,,
572,177,21,3598.0,False,3598.0,False,86171.0,-1,0,0,0,0,,,,,,,,
573,12,243,168.0,True,168.0,True,86183.0,-1,0,0,0,0,,,,,,,,
574,104,258,3598.0,False,3598.0,False,86287.0,-1,0,0,0,0,,,,,,,,
575,19,41,480.0,True,480.0,True,86306.0,-1,0,0,0,0,,,,,,,,
576,233,107,3598.0,False,3598.0,False,86539.0,-1,0,0,0,0,,,,,,,,
577,143,262,32.0,True,32.0,True,86682.0,-1,0,0,0,0,,,,,,,,
578,166,298,3598.0,False,3598.0,False,86848.0,-1,0,0,0,0,,,,,,,,
579,293,259,60.0,True,60.0,True,87141.0,-1,0,0,0,0,,,,,,,,
580,113,86,3598.0,False,3598.0,False,87254.0,-1,0,0,0,0,,,,,,,,
581,292,85,143.0,True,143.0,True,87546.0,-1,0,0,0,0,,,,,,,,
582,294,207,3598.0,False,3598.0,False,87840.0,-1,0,0,0,0,,,,,,,,
583,22,162,1089.0,True,1089.0,True,87862.0,-1,0,0,0,0,,,,,,,,
584,135,264,1553.0,True,1553.0,True,87997.0,-1,0,0,0,0,,,,,,,,
585,296,5,3598.0,False,3598.0,False,88293.0,-1,0,0,0,0,,,,,,,,
586,168,152,3412.0,True,3412.0,True,88461.0,-1,0,0,0,0,,,,,,,,
587,121,47,505.0,True,505.0,True,88582.0,-1,0,0,0,0,,,,,,,,
588,106,51,3598.0,False,3598.0,False,88688.0,-1,0,0,0,0,,,,,,,,
589,117,121,139.0,True,139.0,True,88805.0,-1,0,0,0,0,,,,,,,,
590,13,240,415.0,True,415.0,True,88818.0,-1,0,0,0,0,,,,,,,,
591,28,290,702.0,True,702.0,True,88846.0,-1,0,0,0,0,,,,,,,,
592,67,297,3598.0,False,3598.0,False,88913.0,-1,0,0,0,0,,,,,,,,
593,32,238,204.0,True,204.0,True,88945.0,-1,0,0,0,0,,,,,,,,
594,286,85,3598.0,False,3598.0,False,89231.0,-1,0,0,0,0,,,,,,,,
595,260,26,50.0,True,50.0,True,89491.0,-1,0,0,0,0,,,,,,,,
596,229,12,2028.0,True,2028.0,True,89720.0,-1,0,0,0,0,,,,,,,,
597,206,253,3598.0,False,3598.0,False,89926.0,-1,0,0,0,0,,,,,,,,
598,86,5,9.0,True,9.0,True,90012.0,-1,0,0,0,0,,,,,,,,
599,24,236,784.0,True,784.0,True,90036.0,-1,0,0,0,0,,,,,,,,
600,51,107,3598.0,False,3598.0,False,90087.0,-1,0,0,0,0,,,,,,,,
601,280,263,240.0,True,240.0,True,90367.0,-1,0,0,0,0,,,,,,,,
602,275,10,19.0,True,19.0,True,90642.0,-1,0,0,0,0,,,,,,,,
603,219,150,1310.0,True,1310.0,True,90861.0,-1,0,0,0,0,,,,,,,,
604,162,95,3598.0,False,3598.0,False,91023.0,-1,0,0,0,0,,,,,,,,
605,140,265,2938.0,True,2938.0,True,91163.0,-1,0,0,0,0,,,,,,,,
606,69,284,3598.0,False,3598.0,False,91232.0,-1,0,0,0,0,,,,,,,,
607,17,19,305.0,True,305.0,True,91249.0,-1,0,0,0,0,,,,,,,,
608,271,265,1416.0,True,1416.0,True,91520.0,-1,0,0,0,0,,,,,,,,
609,271,271,159.0,True,159.0,True,91791.0,-1,0,0,0,0,,,,,,,,
610,53,11,311.0,True,311.0,True,91844.0,-1,0,0,0,0,,,,,,,,
611,218,233,126.0,True,126.0,True,92062.0,-1,0,0,0,0,,,,,,,,
612,229,217,19.0,True,19.0,True,92291.0,-1,0,0,0,0,,,,,,,,
613,55,111,33.0,True,33.0,True,92346.0,-1,0,0,0,0,,,,,,,,
614,160,58,684.0,True,684.0,True,92506.0,-1,0,0,0,0,,,,,,,,
615,150,201,3598.0,False,3598.0,False,92656.0,-1,0,0,0,0,,,,,,,,
616,65,36,3598.0,False,3598.0,False,92721.0,-1,0,0,0,0,,,,,,,,
617,255,279,3598.0,False,3598.0,False,92976.0,-1,0,0,0,0,,,,,,,,
618,83,166,259.0,True,259.0,True,93059.0,-1,0,0,0,0,,,,,,,,
619,258,212,2005.0,True,2005.0,True,93317.0,-1,0,0,0,0,,,,,,,,
620,160,284,1387.0,True,1387.0,True,93477.0,-1,0,0,0,0,,,,,,,,
621,100,27,17.0,True,17.0,True,93577.0,-1,0,0,0,0,,,,,,,,
622,189,88,108.0,True,108.0,True,93766.0,-1,0,0,0,0,,,,,,,,
623,67,298,3598.0,False,3598.0,False,93833.0,-1,0,0,0,0,,,,,,,,
624,185,60,21.0,True,21.0,True,94018.0,-1,0,0,0,0,,,,,,,,
625,76,39,1521.0,True,1521.0,True,94094.0,-1,0,0,0,0,,,,,,,,
626,172,187,3598.0,False,3598.0,False,94266.0,-1,0,0,0,0,,,,,,,,
627,56,238,86.0,True,86.0,True,94322.0,-1,0,0,0,0,,,,,,,,
628,27,190,31.0,True,31.0,True,94349.0,-1,0,0,0,0,,,,,,,,
629,70,264,3598.0,False,3598.0,False,94419.0,-1,0,0,0,0,,,,,,,,
630,84,158,20.0,True,20.0,True,94503.0,-1,0,0,0,0,,,,,,,,
631,38,281,64.0,True,64.0,True,94541.0,-1,0,0,0,0,,,,,,,,
632,46,44,2.0,True,2.0,True,94587.0,-1,0,0,0,0,,,,,,,,
633,237,234,43.0,True,43.0,True,94824.0,-1,0,0,0,0,,,,,,,,
634,285,222,1.0,True,1.0,True,95109.0,-1,0,0,0,0,,,,,,,,
635,190,293,270.0,True,270.0,True,95299.0,-1,0,0,0,0,,,,,,,,
636,8,260,139.0,True,139.0,True,95307.0,-1,0,0,0,0,,,,,,,,
637,219,172,41.0,True,41.0,True,95526.0,-1,0,0,0,0,,,,,,,,
638,72,72,3598.0,False,3598.0,False,95598.0,-1,0,0,0,0,,,,,,,,
639,248,51,43.0,True,43.0,True,95846.0,-1,0,0,0,0,,,,,,,,
640,195,84,65.0,True,65.0,True,96041.0,-1,0,0,0,0,,,,,,,,
641,88,103,93.0,True,93.0,True,96129.0,-1,0,0,0,0,,,,,,,,
642,210,7,159.0,True,159.0,True,96339.0,-1,0,0,0,0,,,,,,,,
643,67,172,31.0,True,31.0,True,96406.0,-1,0,0,0,0,,,,,,,,
644,111,286,85.0,True,85.0,True,96517.0,-1,0,0,0,0,,,,,,,,
645,288,277,41.0,True,41.0,True,96805.0,-1,0,0,0,0,,,,,,,,
646,272,188,2286.0,True,2286.0,True,97077.0,-1,0,0,0,0,,,,,,,,
647,215,277,75.0,True,75.0,True,97292.0,-1,0,0,0,0,,,,,,,,
648,287,183,2.0,True,2.0,True,97579.0,-1,0,0,0,0,,,,,,,,
649,193,236,81.0,True,81.0,True,97772.0,-1,0,0,0,0,,,,,,,,
650,89,182,1.0,True,1.0,True,97861.0,-1,0,0,0,0,,,,,,,,
651,292,218,1242.0,True,1242.0,True,98153.0,-1,0,0,0,0,,,,,,,,
652,138,168,74.0,True,74.0,True,98291.0,-1,0,0,0,0,,,,,,,,
653,196,107,81.0,True,81.0,True,98487.0,-1,0,0,0,0,,,,,,,,
654,177,94,555.0,True,555.0,True,98664.0,-1,0,0,0,0,,,,,,,,
655,228,230,3598.0,False,3598.0,False,98892.0,-1,0,0,0,0,,,,,,,,
656,44,63,3598.0,False,3598.0,False,98936.0,-1,0,0,0,0,,,,,,,,
657,58,295,3598.0,False,3598.0,False,98994.0,-1,0,0,0,0,,,,,,,,
658,169,245,302.0,True,302.0,True,99163.0,-1,0,0,0,0,,,,,,,,
659,2,191,3598.0,False,3598.0,False,99165.0,-1,0,0,0,0,,,,,,,,
660,292,207,3598.0,False,3598.0,False,99457.0,-1,0,0,0,0,,,,,,,,
661,277,105,5.0,True,5.0,True,99734.0,-1,0,0,0,0,,,,,,,,
662,238,107,1.0,True,1.0,True,99972.0,-1,0,0,0,0,,,,,,,,
663,27,88,495.0,True,495.0,True,99999.0,-1,0,0,0,0,,,,,,,,
664,186,123,3598.0,False,3598.0,False,100185.0,-1,0,0,0,0,,,,,,,,
665,110,27,474.0,True,474.0,True,100295.0,-1,0,0,0,0,,,,,,,,
666,196,134,24.0,True,24.0,True,100491.0,-1,0,0,0,0,,,,,,,,
667,61,204,3598.0,False,3598.0,False,100552.0,-1,0,0,0,0,,,,,,,,
668,218,230,71.0,True,71.0,True,100770.0,-1,0,0,0,0,,,,,,,,
669,122,285,3598.0,False,3598.0,False,100892.0,-1,0,0,0,0,,,,,,,,
670,134,146,401.0,True,401.0,True,101026.0,-1,0,0,0,0,,,,,,,,
671,52,179,130.0,True,130.0,True,101078.0,-1,0,0,0,0,,,,,,,,
672,263,143,744.0,True,744.0,True,101341.0,-1,0,0,0,0,,,,,,,,
673,183,275,3598.0,False,3598.0,False,101524.0,-1,0,0,0,0,,,,,,,,
674,200,257,3598.0,False,3598.0,False,101724.0,-1,0,0,0,0,,,,,,,,
675,6,155,3598.0,False,3598.0,False,101730.0,-1,0,0,0,0,,,,,,,,
676,216,46,3598.0,False,3598.0,False,101946.0,-1,0,0,0,0,,,,,,,,
677,39,87,1.0,True,1.0,True,101985.0,-1,0,0,0,0,,,,,,,,
678,36,125,3.0,True,3.0,True,102021.0,-1,0,0,0,0,,,,,,,,
679,267,227,149.0,True,149.0,True,102288.0,-1,0,0,0,0,,,,,,,,
680,159,22,2607.0,True,2607.0,True,102447.0,-1,0,0,0,0,,,,,,,,
681,120,6,5.0,True,5.0,True,102567.0,-1,0,0,0,0,,,,,,,,
682,63,229,26.0,True,26.0,True,102630.0,-1,0,0,0,0,,,,,,,,
683,238,299,2559.0,True,2559.0,True,102868.0,-1,0,0,0,0,,,,,,,,
684,81,120,3598.0,False,3598.0,False,102949.0,-1,0,0,0,0,,,,,,,,
685,291,91,1.0,True,1.0,True,103240.0,-1,0,0,0,0,,,,,,,,
686,54,287,1.0,True,1.0,True,103294.0,-1,0,0,0,0,,,,,,,,
687,147,294,1.0,True,1.0,True,103441.0,-1,0,0,0,0,,,,,,,,
688,4,192,66.0,True,66.0,True,103445.0,-1,0,0,0,0,,,,,,,,
689,245,115,1.0,True,1.0,True,103690.0,-1,0,0,0,0,,,,,,,,
690,198,71,3598.0,False,3598.0,False,103888.0,-1,0,0,0,0,,,,,,,,
691,236,152,1.0,True,1.0,True,104124.0,-1,0,0,0,0,,,,,,,,
692,214,127,1.0,True,1.0,True,104338.0,-1,0,0,0,0,,,,,,,,
693,250,6,3598.0,False,3598.0,False,104588.0,-1,0,0,0,0,,,,,,,,
694,157,128,1.0,True,1.0,True,104745.0,-1,0,0,0,0,,,,,,,,
695,117,48,1.0,True,1.0,True,104862.0,-1,0,0,0,0,,,,,,,,
696,133,263,1.0,True,1.0,True,104995.0,-1,0,0,0,0,,,,,,,,
697,158,56,1.0,True,1.0,True,105153.0,-1,0,0,0,0,,,,,,,,
698,80,85,1.0,True,1.0,True,105233.0,-1,0,0,0,0,,,,,,,,
699,186,39,1.0,True,1.0,True,105419.0,-1,0,0,0,0,,,,,,,,
700,80,258,3598.0,False,3598.0,False,105499.0,-1,0,0,0,0,,,,,,,,
701,219,183,1.0,True,1.0,True,105718.0,-1,0,0,0,0,,,,,,,,
702,55,61,3598.0,False,3598.0,False,105773.0,-1,0,0,0,0,,,,,,,,
703,219,40,230.0,True,230.0,True,105992.0,-1,0,0,0,0,,,,,,,,
704,6,70,1.0,True,1.0,True,105998.0,-1,0,0,0,0,,,,,,,,
705,135,155,1.0,True,1.0,True,106133.0,-1,0,0,0,0,,,,,,,,
706,122,277,1.0,True,1.0,True,106255.0,-1,0,0,0,0,,,,,,,,
707,204,124,1.0,True,1.0,True,106459.0,-1,0,0,0,0,,,,,,,,
708,262,231,1.0,True,1.0,True,106721.0,-1,0,0,0,0,,,,,,,,
709,273,277,1.0,True,1.0,True,106994.0,-1,0,0,0,0,,,,,,,,
710,81,228,1.0,True,1.0,True,107075.0,-1,0,0,0,0,,,,,,,,
711,226,291,3598.0,False,3598.0,False,107301.0,-1,0,0,0,0,,,,,,,,
712,19,129,3598.0,False,3598.0,False,107320.0,-1,0,0,0,0,,,,,,,,
713,166,184,1.0,True,1.0,True,107486.0,-1,0,0,0,0,,,,,,,,
714,161,272,1.0,True,1.0,True,107647.0,-1,0,0,0,0,,,,,,,,
715,228,211,1.0,True,1.0,True,107875.0,-1,0,0,0,0,,,,,,,,
716,192,277,1.0,True,1.0,True,108067.0,-1,0,0,0,0,,,,,,,,
717,118,164,1.0,True,1.0,True,108185.0,-1,0,0,0,0,,,,,,,,
718,96,123,3598.0,False,3598.0,False,108281.0,-1,0,0,0,0,,,,,,,,
719,289,144,1.0,True,1.0,True,108570.0,-1,0,0,0,0,,,,,,,,
720,189,32,1.0,True,1.0,True,108759.0,-1,0,0,0,0,,,,,,,,
721,223,78,1.0,True,1.0,True,108982.0,-1,0,0,0,0,,,,,,,,
722,297,192,1.0,True,1.0,True,109279.0,-1,0,0,0,0,,,,,,,,
723,87,67,35.0,True,35.0,True,109366.0,-1,0,0,0,0,,,,,,,,
724,184,67,4.0,True,4.0,True,109550.0,-1,0,0,0,0,,,,,,,,
725,108,146,1.0,True,1.0,True,109658.0,-1,0,0,0,0,,,,,,,,
726,127,196,1.0,True,1.0,True,109785.0,-1,0,0,0,0,,,,,,,,
727,236,228,1.0,True,1.0,True,110021.0,-1,0,0,0,0,,,,,,,,
728,208,107,1.0,True,1.0,True,110229.0,-1,0,0,0,0,,,,,,,,
729,284,1,1.0,True,1.0,True,110513.0,-1,0,0,0,0,,,,,,,,
730,141,253,1.0,True,1.0,True,110654.0,-1,0,0,0,0,,,,,,,,
731,189,119,1.0,True,1.0,True,110843.0,-1,0,0,0,0,,,,,,,,
732,267,152,1.0,True,1.0,True,111110.0,-1,0,0,0,0,,,,,,,,
733,36,215,1.0,True,1.0,True,111146.0,-1,0,0,0,0,,,,,,,,
734,219,157,1.0,True,1.0,True,111365.0,-1,0,0,0,0,,,,,,,,
735,221,238,501.0,True,501.0,True,111586.0,-1,0,0,0,0,,,,,,,,
736,236,63,254.0,True,254.0,True,111822.0,-1,0,0,0,0,,,,,,,,
737,118,215,3598.0,False,3598.0,False,111940.0,-1,0,0,0,0,,,,,,,,
738,20,260,27.0,True,27.0,True,111960.0,-1,0,0,0,0,,,,,,,,
739,131,232,3598.0,False,3598.0,False,112091.0,-1,0,0,0,0,,,,,,,,
740,242,173,39.0,True,39.0,True,112333.0,-1,0,0,0,0,,,,,,,,
741,125,126,307.0,True,307.0,True,112458.0,-1,0,0,0,0,,,,,,,,
742,121,208,3.0,True,3.0,True,112579.0,-1,0,0,0,0,,,,,,,,
743,134,124,1.0,True,1.0,True,112713.0,-1,0,0,0,0,,,,,,,,
744,95,121,1.0,True,1.0,True,112808.0,-1,0,0,0,0,,,,,,,,
745,39,184,1.0,True,1.0,True,112847.0,-1,0,0,0,0,,,,,,,,
746,6,263,1.0,True,1.0,True,112853.0,-1,0,0,0,0,,,,,,,,
747,258,191,1.0,True,1.0,True,113111.0,-1,0,0,0,0,,,,,,,,
748,197,68,2229.0,True,2229.0,True,113308.0,-1,0,0,0,0,,,,,,,,
749,219,268,1.0,True,1.0,True,113527.0,-1,0,0,0,0,,,,,,,,
750,97,265,1.0,True,1.0,True,113624.0,-1,0,0,0,0,,,,,,,,
751,14,92,1.0,True,1.0,True,113638.0,-1,0,0,0,0,,,,,,,,
752,97,215,59.0,True,59.0,True,113735.0,-1,0,0,0,0,,,,,,,,
753,182,245,1.0,True,1.0,True,113917.0,-1,0,0,0,0,,,,,,,,
754,104,55,1.0,True,1.0,True,114021.0,-1,0,0,0,0,,,,,,,,
755,76,273,129.0,True,129.0,True,114097.0,-1,0,0,0,0,,,,,,,,
756,128,15,1.0,True,1.0,True,114225.0,-1,0,0,0,0,,,,,,,,
757,43,215,1.0,True,1.0,True,114268.0,-1,0,0,0,0,,,,,,,,
758,64,228,1.0,True,1.0,True,114332.0,-1,0,0,0,0,,,,,,,,
759,270,28,1.0,True,1.0,True,114602.0,-1,0,0,0,0,,,,,,,,
760,208,282,1.0,True,1.0,True,114810.0,-1,0,0,0,0,,,,,,,,
761,37,14,3598.0,False,3598.0,False,114847.0,-1,0,0,0,0,,,,,,,,
762,168,196,1.0,True,1.0,True,115015.0,-1,0,0,0,0,,,,,,,,
763,164,168,59.0,True,59.0,True,115179.0,-1,0,0,0,0,,,,,,,,
764,9,265,1.0,True,1.0,True,115188.0,-1,0,0,0,0,,,,,,,,
765,232,29,1.0,True,1.0,True,115420.0,-1,0,0,0,0,,,,,,,,
766,125,92,1.0,True,1.0,True,115545.0,-1,0,0,0,0,,,,,,,,
767,208,111,208.0,True,208.0,True,115753.0,-1,0,0,0,0,,,,,,,,
768,64,25,1.0,True,1.0,True,115817.0,-1,0,0,0,0,,,,,,,,
769,79,245,1.0,True,1.0,True,115896.0,-1,0,0,0,0,,,,,,,,
770,107,116,1.0,True,1.0,True,116003.0,-1,0,0,0,0,,,,,,,,
771,187,270,1.0,True,1.0,True,116190.0,-1,0,0,0,0,,,,,,,,
772,15,140,1.0,True,1.0,True,116205.0,-1,0,0,0,0,,,,,,,,
773,289,208,1.0,True,1.0,True,116494.0,-1,0,0,0,0,,,,,,,,
774,212,169,1.0,True,1.0,True,116706.0,-1,0,0,0,0,,,,,,,,
775,261,126,1.0,True,1.0,True,116967.0,-1,0,0,0,0,,,,,,,,
776,28,191,2099.0,True,2099.0,True,116995.0,-1,0,0,0,0,,,,,,,,
777,89,279,1.0,True,1.0,True,117084.0,-1,0,0,0,0,,,,,,,,
778,22,209,1.0,True,1.0,True,117106.0,-1,0,0,0,0,,,,,,,,
779,183,107,730.0,True,730.0,True,117289.0,-1,0,0,0,0,,,,,,,,
780,146,234,1.0,True,1.0,True,117435.0,-1,0,0,0,0,,,,,,,,
781,16,181,882.0,True,882.0,True,117451.0,-1,0,0,0,0,,,,,,,,
782,182,271,1.0,True,1.0,True,117633.0,-1,0,0,0,0,,,,,,,,
783,213,16,1837.0,True,1837.0,True,117846.0,-1,0,0,0,0,,,,,,,,
784,255,184,239.0,True,239.0,True,118101.0,-1,0,0,0,0,,,,,,,,
785,35,176,1.0,True,1.0,True,118136.0,-1,0,0,0,0,,,,,,,,
786,136,207,3598.0,False,3598.0,False,118272.0,-1,0,0,0,0,,,,,,,,
787,165,180,1.0,True,1.0,True,118437.0,-1,0,0,0,0,,,,,,,,
788,24,192,518.0,True,518.0,True,118461.0,-1,0,0,0,0,,,,,,,,
789,206,85,1.0,True,1.0,True,118667.0,-1,0,0,0,0,,,,,,,,
790,172,28,1.0,True,1.0,True,118839.0,-1,0,0,0,0,,,,,,,,
791,128,64,208.0,True,208.0,True,118967.0,-1,0,0,0,0,,,,,,,,
792,169,63,1.0,True,1.0,True,119136.0,-1,0,0,0,0,,,,,,,,
793,169,275,1.0,True,1.0,True,119305.0,-1,0,0,0,0,,,,,,,,
794,24,14,1.0,True,1.0,True,119329.0,-1,0,0,0,0,,,,,,,,
795,16,225,2198.0,True,2198.0,True,119345.0,-1,0,0,0,0,,,,,,,,
796,159,113,1.0,True,1.0,True,119504.0,-1,0,0,0,0,,,,,,,,
797,27,66,1.0,True,1.0,True,119531.0,-1,0,0,0,0,,,,,,,,
798,117,120,1.0,True,1.0,True,119648.0,-1,0,0,0,0,,,,,,,,
799,129,75,1.0,True,1.0,True,119777.0,-1,0,0,0,0,,,,,,,,
800,218,207,281.0,True,281.0,True,119995.0,-1,0,0,0,0,,,,,,,,
801,145,216,3598.0,False,3598.0,False,120140.0,-1,0,0,0,0,,,,,,,,
802,81,233,1.0,True,1.0,True,120221.0,-1,0,0,0,0,,,,,,,,
803,214,32,1.0,True,1.0,True,120435.0,-1,0,0,0,0,,,,,,,,
804,62,157,1.0,True,1.0,True,120497.0,-1,0,0,0,0,,,,,,,,
805,131,219,3598.0,False,3598.0,False,120628.0,-1,0,0,0,0,,,,,,,,
806,248,236,1.0,True,1.0,True,120876.0,-1,0,0,0,0,,,,,,,,
807,219,87,1.0,True,1.0,True,121095.0,-1,0,0,0,0,,,,,,,,
808,68,238,1.0,True,1.0,True,121163.0,-1,0,0,0,0,,,,,,,,
809,145,241,7.0,True,7.0,True,121308.0,-1,0,0,0,0,,,,,,,,
810,167,274,1.0,True,1.0,True,121475.0,-1,0,0,0,0,,,,,,,,
811,246,210,1.0,True,1.0,True,121721.0,-1,0,0,0,0,,,,,,,,
812,257,6,1.0,True,1.0,True,121978.0,-1,0,0,0,0,,,,,,,,
813,55,268,1.0,True,1.0,True,122033.0,-1,0,0,0,0,,,,,,,,
814,170,124,1.0,True,1.0,True,122203.0,-1,0,0,0,0,,,,,,,,
815,84,154,1.0,True,1.0,True,122287.0,-1,0,0,0,0,,,,,,,,
816,267,35,1.0,True,1.0,True,122554.0,-1,0,0,0,0,,,,,,,,
817,212,136,17.0,True,17.0,True,122766.0,-1,0,0,0,0,,,,,,,,
818,260,142,21.0,True,21.0,True,123026.0,-1,0,0,0,0,,,,,,,,
819,237,196,222.0,True,222.0,True,123263.0,-1,0,0,0,0,,,,,,,,
820,281,124,579.0,True,579.0,True,123544.0,-1,0,0,0,0,,,,,,,,
821,121,2,179.0,True,179.0,True,123665.0,-1,0,0,0,0,,,,,,,,
822,274,6,5.0,True,5.0,True,123939.0,-1,0,0,0,0,,,,,,,,
823,133,86,2.0,True,2.0,True,124072.0,-1,0,0,0,0,,,,,,,,
824,260,240,341.0,True,341.0,True,124332.0,-1,0,0,0,0,,,,,,,,
825,123,38,1387.0,True,1387.0,True,124455.0,-1,0,0,0,0,,,,,,,,
826,126,298,69.0,True,69.0,True,124581.0,-1,0,0,0,0,,,,,,,,
827,289,83,3598.0,False,3598.0,False,124870.0,-1,0,0,0,0,,,,,,,,
828,176,85,7.0,True,7.0,True,125046.0,-1,0,0,0,0,,,,,,,,
829,226,71,10.0,True,10.0,True,125272.0,-1,0,0,0,0,,,,,,,,
830,205,284,3598.0,False,3598.0,False,125477.0,-1,0,0,0,0,,,,,,,,
831,5,226,2.0,True,2.0,True,125482.0,-1,0,0,0,0,,,,,,,,
832,114,79,2.0,True,2.0,True,125596.0,-1,0,0,0,0,,,,,,,,
833,294,89,346.0,True,346.0,True,125890.0,-1,0,0,0,0,,,,,,,,
834,250,231,2655.0,True,2655.0,True,126140.0,-1,0,0,0,0,,,,,,,,
835,223,102,44.0,True,44.0,True,126363.0,-1,0,0,0,0,,,,,,,,
836,8,150,74.0,True,74.0,True,126371.0,-1,0,0,0,0,,,,,,,,
837,116,12,3598.0,False,3598.0,False,126487.0,-1,0,0,0,0,,,,,,,,
838,5,38,433.0,True,433.0,True,126492.0,-1,0,0,0,0,,,,,,,,
839,122,24,35.0,True,35.0,True,126614.0,-1,0,0,0,0,,,,,,,,
840,127,22,10.0,True,10.0,True,126741.0,-1,0,0,0,0,,,,,,,,
841,241,119,79.0,True,79.0,True,126982.0,-1,0,0,0,0,,,,,,,,
842,177,135,502.0,True,502.0,True,127159.0,-1,0,0,0,0,,,,,,,,
843,149,66,3598.0,False,3598.0,False,127308.0,-1,0,0,0,0,,,,,,,,
844,243,255,2.0,True,2.0,True,127551.0,-1,0,0,0,0,,,,,,,,
845,192,261,9.0,True,9.0,True,127743.0,-1,0,0,0,0,,,,,,,,
846,281,243,602.0,True,602.0,True,128024.0,-1,0,0,0,0,,,,,,,,
847,10,62,3598.0,False,3598.0,False,128034.0,-1,0,0,0,0,,,,,,,,
848,96,285,1.0,True,1.0,True,128130.0,-1,0,0,0,0,,,,,,,,
849,247,10,31.0,True,31.0,True,128377.0,-1,0,0,0,0,,,,,,,,
850,256,191,550.0,True,550.0,True,128633.0,-1,0,0,0,0,,,,,,,,
851,27,116,5.0,True,5.0,True,128660.0,-1,0,0,0,0,,,,,,,,
852,256,251,3598.0,False,3598.0,False,128916.0,-1,0,0,0,0,,,,,,,,
853,279,233,109.0,True,109.0,True,129195.0,-1,0,0,0,0,,,,,,,,
854,244,35,15.0,True,15.0,True,129439.0,-1,0,0,0,0,,,,,,,,
855,143,183,18.0,True,18.0,True,129582.0,-1,0,0,0,0,,,,,,,,
856,92,275,4.0,True,4.0,True,129674.0,-1,0,0,0,0,,,,,,,,
857,72,21,13.0,True,13.0,True,129746.0,-1,0,0,0,0,,,,,,,,
858,40,115,652.0,True,652.0,True,129786.0,-1,0,0,0,0,,,,,,,,
859,136,21,6.0,True,6.0,True,129922.0,-1,0,0,0,0,,,,,,,,
860,35,109,15.0,True,15.0,True,129957.0,-1,0,0,0,0,,,,,,,,
861,9,250,2.0,True,2.0,True,129966.0,-1,0,0,0,0,,,,,,,,
862,55,106,2.0,True,2.0,True,130021.0,-1,0,0,0,0,,,,,,,,
863,46,263,76.0,True,76.0,True,130067.0,-1,0,0,0,0,,,,,,,,
864,29,247,3.0,True,3.0,True,130096.0,-1,0,0,0,0,,,,,,,,
865,60,167,29.0,True,29.0,True,130156.0,-1,0,0,0,0,,,,,,,,
866,135,173,39.0,True,39.0,True,130291.0,-1,0,0,0,0,,,,,,,,
867,44,128,75.0,True,75.0,True,130335.0,-1,0,0,0,0,,,,,,,,
868,184,163,1714.0,True,1714.0,True,130519.0,-1,0,0,0,0,,,,,,,,
869,140,101,15.0,True,15.0,True,130659.0,-1,0,0,0,0,,,,,,,,
870,268,251,149.0,True,149.0,True,130927.0,-1,0,0,0,0,,,,,,,,
871,267,98,149.0,True,149.0,True,131194.0,-1,0,0,0,0,,,,,,,,
872,42,155,4.0,True,4.0,True,131236.0,-1,0,0,0,0,,,,,,,,
873,134,262,18.0,True,18.0,True,131370.0,-1,0,0,0,0,,,,,,,,
874,6,90,2056.0,True,2056.0,True,131376.0,-1,0,0,0,0,,,,,,,,
875,12,6,1841.0,True,1841.0,True,131388.0,-1,0,0,0,0,,,,,,,,
876,90,178,3428.0,True,3428.0,True,131478.0,-1,0,0,0,0,,,,,,,,
877,196,256,821.0,True,821.0,True,131674.0,-1,0,0,0,0,,,,,,,,
878,217,153,295.0,True,295.0,True,131891.0,-1,0,0,0,0,,,,,,,,
879,186,158,147.0,True,147.0,True,132077.0,-1,0,0,0,0,,,,,,,,
880,259,81,1622.0,True,1622.0,True,132336.0,-1,0,0,0,0,,,,,,,,
881,100,234,221.0,True,221.0,True,132436.0,-1,0,0,0,0,,,,,,,,
882,139,185,405.0,True,405.0,True,132575.0,-1,0,0,0,0,,,,,,,,
883,19,248,3598.0,False,3598.0,False,132594.0,-1,0,0,0,0,,,,,,,,
884,59,242,3598.0,False,3598.0,False,132653.0,-1,0,0,0,0,,,,,,,,
885,185,221,30.0,True,30.0,True,132838.0,-1,0,0,0,0,,,,,,,,
886,165,27,3598.0,False,3598.0,False,133003.0,-1,0,0,0,0,,,,,,,,
887,81,127,663.0,True,663.0,True,133084.0,-1,0,0,0,0,,,,,,,,
888,236,129,126.0,True,126.0,True,133320.0,-1,0,0,0,0,,,,,,,,
889,151,38,744.0,True,744.0,True,133471.0,-1,0,0,0,0,,,,,,,,
890,76,139,191.0,True,191.0,True,133547.0,-1,0,0,0,0,,,,,,,,
891,130,174,124.0,True,124.0,True,133677.0,-1,0,0,0,0,,,,,,,,
892,298,107,270.0,True,270.0,True,133975.0,-1,0,0,0,0,,,,,,,,
893,266,111,263.0,True,263.0,True,134241.0,-1,0,0,0,0,,,,,,,,
894,185,27,399.0,True,399.0,True,134426.0,-1,0,0,0,0,,,,,,,,
895,105,271,3598.0,False,3598.0,False,134531.0,-1,0,0,0,0,,,,,,,,
896,206,41,215.0,True,215.0,True,134737.0,-1,0,0,0,0,,,,,,,,
897,227,164,3598.0,False,3598.0,False,134964.0,-1,0,0,0,0,,,,,,,,
898,45,128,34.0,True,34.0,True,135009.0,-1,0,0,0,0,,,,,,,,
899,235,112,3598.0,False,3598.0,False,135244.0,-1,0,0,0,0,,,,,,,,
900,6,294,290.0,True,290.0,True,135250.0,-1,0,0,0,0,,,,,,,,
901,28,57,3598.0,False,3598.0,False,135278.0,-1,0,0,0,0,,,,,,,,
902,177,94,2.0,True,2.0,True,135455.0,-1,0,0,0,0,,,,,,,,
903,107,265,34.0,True,34.0,True,135562.0,-1,0,0,0,0,,,,,,,,
904,84,135,53.0,True,53.0,True,135646.0,-1,0,0,0,0,,,,,,,,
905,153,101,3598.0,False,3598.0,False,135799.0,-1,0,0,0,0,,,,,,,,
906,171,291,6.0,True,6.0,True,135970.0,-1,0,0,0,0,,,,,,,,
907,120,53,35.0,True,35.0,True,136090.0,-1,0,0,0,0,,,,,,,,
908,172,226,5.0,True,5.0,True,136262.0,-1,0,0,0,0,,,,,,,,
909,1,112,289.0,True,289.0,True,136263.0,-1,0,0,0,0,,,,,,,,
910,8,39,54.0,True,54.0,True,136271.0,-1,0,0,0,0,,,,,,,,
911,4,203,3598.0,False,3598.0,False,136275.0,-1,0,0,0,0,,,,,,,,
912,158,263,2723.0,True,2723.0,True,136433.0,-1,0,0,0,0,,,,,,,,
913,39,193,196.0,True,196.0,True,136472.0,-1,0,0,0,0,,,,,,,,
914,250,234,3598.0,False,3598.0,False,136722.0,-1,0,0,0,0,,,,,,,,
915,174,296,184.0,True,184.0,True,136896.0,-1,0,0,0,0,,,,,,,,
916,80,98,149.0,True,149.0,True,136976.0,-1,0,0,0,0,,,,,,,,
917,33,136,117.0,True,117.0,True,137009.0,-1,0,0,0,0,,,,,,,,
918,242,168,3598.0,False,3598.0,False,137251.0,-1,0,0,0,0,,,,,,,,
919,7,178,3598.0,False,3598.0,False,137258.0,-1,0,0,0,0,,,,,,,,
920,197,241,16.0,True,16.0,True,137455.0,-1,0,0,0,0,,,,,,,,
921,196,40,10.0,True,10.0,True,137651.0,-1,0,0,0,0,,,,,,,,
922,13,173,3598.0,False,3598.0,False,137664.0,-1,0,0,0,0,,,,,,,,
923,141,290,1.0,True,1.0,True,137805.0,-1,0,0,0,0,,,,,,,,
924,213,128,45.0,True,45.0,True,138018.0,-1,0,0,0,0,,,,,,,,
925,47,91,16.0,True,16.0,True,138065.0,-1,0,0,0,0,,,,,,,,
926,142,133,2.0,True,2.0,True,138207.0,-1,0,0,0,0,,,,,,,,
927,289,19,53.0,True,53.0,True,138496.0,-1,0,0,0,0,,,,,,,,
928,224,28,2.0,True,2.0,True,138720.0,-1,0,0,0,0,,,,,,,,
929,269,16,39.0,True,39.0,True,138989.0,-1,0,0,0,0,,,,,,,,
930,131,211,31.0,True,31.0,True,139120.0,-1,0,0,0,0,,,,,,,,
931,255,231,6.0,True,6.0,True,139375.0,-1,0,0,0,0,,,,,,,,
932,126,125,22.0,True,22.0,True,139501.0,-1,0,0,0,0,,,,,,,,
933,103,51,263.0,True,263.0,True,139604.0,-1,0,0,0,0,,,,,,,,
934,94,128,231.0,True,231.0,True,139698.0,-1,0,0,0,0,,,,,,,,
935,219,265,16.0,True,16.0,True,139917.0,-1,0,0,0,0,,,,,,,,
936,169,295,43.0,True,43.0,True,140086.0,-1,0,0,0,0,,,,,,,,
937,238,281,15.0,True,15.0,True,140324.0,-1,0,0,0,0,,,,,,,,
938,204,182,23.0,True,23.0,True,140528.0,-1,0,0,0,0,,,,,,,,
939,211,90,3.0,True,3.0,True,140739.0,-1,0,0,0,0,,,,,,,,
940,156,63,123.0,True,123.0,True,140895.0,-1,0,0,0,0,,,,,,,,
941,242,9,102.0,True,102.0,True,141137.0,-1,0,0,0,0,,,,,,,,
942,43,262,589.0,True,589.0,True,141180.0,-1,0,0,0,0,,,,,,,,
943,90,195,2.0,True,2.0,True,141270.0,-1,0,0,0,0,,,,,,,,
944,212,151,2.0,True,2.0,True,141482.0,-1,0,0,0,0,,,,,,,,
945,198,97,167.0,True,167.0,True,141680.0,-1,0,0,0,0,,,,,,,,
946,115,204,630.0,True,630.0,True,141795.0,-1,0,0,0,0,,,,,,,,
947,41,52,132.0,True,132.0,True,141836.0,-1,0,0,0,0,,,,,,,,
948,227,60,71.0,True,71.0,True,142063.0,-1,0,0,0,0,,,,,,,,
949,257,274,20.0,True,20.0,True,142320.0,-1,0,0,0,0,,,,,,,,
950,290,110,2.0,True,2.0,True,142610.0,-1,0,0,0,0,,,,,,,,
951,109,188,339.0,True,339.0,True,142719.0,-1,0,0,0,0,,,,,,,,
952,46,287,5.0,True,5.0,True,142765.0,-1,0,0,0,0,,,,,,,,
953,180,292,17.0,True,17.0,True,142945.0,-1,0,0,0,0,,,,,,,,
954,174,204,11.0,True,11.0,True,143119.0,-1,0,0,0,0,,,,,,,,
955,136,120,21.0,True,21.0,True,143255.0,-1,0,0,0,0,,,,,,,,
956,23,255,7.0,True,7.0,True,143278.0,-1,0,0,0,0,,,,,,,,
957,252,34,131.0,True,131.0,True,143530.0,-1,0,0,0,0,,,,,,,,
958,158,294,72.0,True,72.0,True,143688.0,-1,0,0,0,0,,,,,,,,
959,91,281,7.0,True,7.0,True,143779.0,-1,0,0,0,0,,,,,,,,
960,275,101,875.0,True,875.0,True,144054.0,-1,0,0,0,0,,,,,,,,
961,123,276,214.0,True,214.0,True,144177.0,-1,0,0,0,0,,,,,,,,
962,183,186,189.0,True,189.0,True,144360.0,-1,0,0,0,0,,,,,,,,
963,262,136,124.0,True,124.0,True,144622.0,-1,0,0,0,0,,,,,,,,
964,113,108,110.0,True,110.0,True,144735.0,-1,0,0,0,0,,,,,,,,
965,149,76,3598.0,False,3598.0,False,144884.0,-1,0,0,0,0,,,,,,,,
966,264,214,455.0,True,455.0,True,145148.0,-1,0,0,0,0,,,,,,,,
967,177,83,3598.0,False,3598.0,False,145325.0,-1,0,0,0,0,,,,,,,,
968,271,180,3.0,True,3.0,True,145596.0,-1,0,0,0,0,,,,,,,,
969,298,119,219.0,True,219.0,True,145894.0,-1,0,0,0,0,,,,,,,,
970,178,62,3598.0,False,3598.0,False,146072.0,-1,0,0,0,0,,,,,,,,
971,5,258,3598.0,False,3598.0,False,146077.0,-1,0,0,0,0,,,,,,,,
972,79,270,2.0,True,2.0,True,146156.0,-1,0,0,0,0,,,,,,,,
973,86,226,3.0,True,3.0,True,146242.0,-1,0,0,0,0,,,,,,,,
974,153,278,426.0,True,426.0,True,146395.0,-1,0,0,0,0,,,,,,,,
975,38,144,3598.0,False,3598.0,False,146433.0,-1,0,0,0,0,,,,,,,,
976,28,125,71.0,True,71.0,True,146461.0,-1,0,0,0,0,,,,,,,,
977,46,141,740.0,True,740.0,True,146507.0,-1,0,0,0,0,,,,,,,,
978,195,72,35.0,True,35.0,True,146702.0,-1,0,0,0,0,,,,,,,,
979,271,106,3084.0,True,3084.0,True,146973.0,-1,0,0,0,0,,,,,,,,
980,183,193,29.0,True,29.0,True,147156.0,-1,0,0,0,0,,,,,,,,
981,223,78,29.0,True,29.0,True,147379.0,-1,0,0,0,0,,,,,,,,
982,238,31,7.0,True,7.0,True,147617.0,-1,0,0,0,0,,,,,,,,
983,274,273,230.0,True,230.0,True,147891.0,-1,0,0,0,0,,,,,,,,
984,248,107,3.0,True,3.0,True,148139.0,-1,0,0,0,0,,,,,,,,
985,125,134,92.0,True,92.0,True,148264.0,-1,0,0,0,0,,,,,,,,
986,173,101,12.0,True,12.0,True,148437.0,-1,0,0,0,0,,,,,,,,
987,95,55,2.0,True,2.0,True,148532.0,-1,0,0,0,0,,,,,,,,
988,149,279,654.0,True,654.0,True,148681.0,-1,0,0,0,0,,,,,,,,
989,179,63,15.0,True,15.0,True,148860.0,-1,0,0,0,0,,,,,,,,
990,34,173,22.0,True,22.0,True,148894.0,-1,0,0,0,0,,,,,,,,
991,253,284,8.0,True,8.0,True,149147.0,-1,0,0,0,0,,,,,,,,
992,293,156,2.0,True,2.0,True,149440.0,-1,0,0,0,0,,,,,,,,
993,193,39,9.0,True,9.0,True,149633.0,-1,0,0,0,0,,,,,,,,
994,82,282,3598.0,False,3598.0,False,149715.0,-1,0,0,0,0,,,,,,,,
995,130,269,74.0,True,74.0,True,149845.0,-1,0,0,0,0,,,,,,,,
996,69,226,5.0,True,5.0,True,149914.0,-1,0,0,0,0,,,,,,,,
997,186,146,72.0,True,72.0,True,150100.0,-1,0,0,0,0,,,,,,,,
998,254,108,5.0,True,5.0,True,150354.0,-1,0,0,0,0,,,,,,,,
999,213,200,178.0,True,178.0,True,150567.0,-1,0,0,0,0,,,,,,,,
1000,276,40,272.0,True,272.0,True,150843.0,-1,0,0,0,0,,,,,,,,
1001,104,205,288.0,True,288.0,True,150947.0,-1,0,0,0,0,,,,,,,,
1002,174,142,231.0,True,231.0,True,151121.0,-1,0,0,0,0,,,,,,,,
1003,286,118,220.0,True,220.0,True,151407.0,-1,0,0,0,0,,,,,,,,
1004,277,63,22.0,True,22.0,True,151684.0,-1,0,0,0,0,,,,,,,,
1005,90,85,273.0,True,273.0,True,151774.0,-1,0,0,0,0,,,,,,,,
1006,11,281,101.0,True,101.0,True,151785.0,-1,0,0,0,0,,,,,,,,
1007,129,10,10.0,True,10.0,True,151914.0,-1,0,0,0,0,,,,,,,,
1008,62,10,52.0,True,52.0,True,151976.0,-1,0,0,0,0,,,,,,,,
1009,236,113,88.0,True,88.0,True,152212.0,-1,0,0,0,0,,,,,,,,
1010,66,5,3598.0,False,3598.0,False,152278.0,-1,0,0,0,0,,,,,,,,
1011,51,2,3598.0,False,3598.0,False,152329.0,-1,0,0,0,0,,,,,,,,
1012,266,66,3598.0,False,3598.0,False,152595.0,-1,0,0,0,0,,,,,,,,
1013,245,171,190.0,True,190.0,True,152840.0,-1,0,0,0,0,,,,,,,,
1014,204,51,162.0,True,162.0,True,153044.0,-1,0,0,0,0,,,,,,,,
1015,46,204,108.0,True,108.0,True,153090.0,-1,0,0,0,0,,,,,,,,
1016,89,184,231.0,True,231.0,True,153179.0,-1,0,0,0,0,,,,,,,,
1017,81,279,6.0,True,6.0,True,153260.0,-1,0,0,0,0,,,,,,,,
1018,20,154,6.0,True,6.0,True,153280.0,-1,0,0,0,0,,,,,,,,
1019,201,203,3598.0,False,3598.0,False,153481.0,-1,0,0,0,0,,,,,,,,
1020,297,73,3.0,True,3.0,True,153778.0,-1,0,0,0,0,,,,,,,,
1021,26,144,1289.0,True,1289.0,True,153804.0,-1,0,0,0,0,,,,,,,,
1022,38,256,17.0,True,17.0,True,153842.0,-1,0,0,0,0,,,,,,,,
1023,153,291,33.0,True,33.0,True,153995.0,-1,0,0,0,0,,,,,,,,
1024,55,288,228.0,True,228.0,True,154050.0,-1,0,0,0,0,,,,,,,,
1025,47,268,3598.0,False,3598.0,False,154097.0,-1,0,0,0,0,,,,,,,,
1026,144,50,5.0,True,5.0,True,154241.0,-1,0,0,0,0,,,,,,,,
1027,255,193,7.0,True,7.0,True,154496.0,-1,0,0,0,0,,,,,,,,
1028,255,268,10.0,True,10.0,True,154751.0,-1,0,0,0,0,,,,,,,,
1029,56,207,3598.0,False,3598.0,False,154807.0,-1,0,0,0,0,,,,,,,,
1030,286,175,23.0,True,23.0,True,155093.0,-1,0,0,0,0,,,,,,,,
1031,81,131,8.0,True,8.0,True,155174.0,-1,0,0,0,0,,,,,,,,
1032,68,232,10.0,True,10.0,True,155242.0,-1,0,0,0,0,,,,,,,,
1033,274,78,8.0,True,8.0,True,155516.0,-1,0,0,0,0,,,,,,,,
1034,250,178,55.0,True,55.0,True,155766.0,-1,0,0,0,0,,,,,,,,
1035,83,191,3598.0,False,3598.0,False,155849.0,-1,0,0,0,0,,,,,,,,
1036,161,202,1634.0,True,1634.0,True,156010.0,-1,0,0,0,0,,,,,,,,
1037,223,163,3598.0,False,3598.0,False,156233.0,-1,0,0,0,0,,,,,,,,
1038,97,75,3598.0,False,3598.0,False,156330.0,-1,0,0,0,0,,,,,,,,
1039,250,217,3598.0,False,3598.0,False,156580.0,-1,0,0,0,0,,,,,,,,
1040,39,290,1928.0,True,1928.0,True,156619.0,-1,0,0,0,0,,,,,,,,
1041,190,37,3598.0,False,3598.0,False,156809.0,-1,0,0,0,0,,,,,,,,
1042,68,114,56.0,True,56.0,True,156877.0,-1,0,0,0,0,,,,,,,,
1043,39,69,3598.0,False,3598.0,False,156916.0,-1,0,0,0,0,,,,,,,,
1044,42,188,64.0,True,64.0,True,156958.0,-1,0,0,0,0,,,,,,,,
1045,178,63,3598.0,False,3598.0,False,157136.0,-1,0,0,0,0,,,,,,,,
1046,58,108,494.0,True,494.0,True,157194.0,-1,0,0,0,0,,,,,,,,
1047,124,183,2698.0,True,2698.0,True,157318.0,-1,0,0,0,0,,,,,,,,
1048,291,168,3598.0,False,3598.0,False,157609.0,-1,0,0,0,0,,,,,,,,
1049,176,276,3598.0,False,3598.0,False,157785.0,-1,0,0,0,0,,,,,,,,
1050,84,46,3598.0,False,3598.0,False,157869.0,-1,0,0,0,0,,,,,,,,
1051,59,208,3598.0,False,3598.0,False,157928.0,-1,0,0,0,0,,,,,,,,
1052,40,99,3598.0,False,3598.0,False,157968.0,-1,0,0,0,0,,,,,,,,
1053,11,61,3598.0,False,3598.0,False,157979.0,-1,0,0,0,0,,,,,,,,
1054,119,89,3598.0,False,3598.0,False,158098.0,-1,0,0,0,0,,,,,,,,
1055,48,249,3598.0,False,3598.0,False,158146.0,-1,0,0,0,0,,,,,,,,
1056,184,145,3598.0,False,3598.0,False,158330.0,-1,0,0,0,0,,,,,,,,
1057,139,42,3598.0,False,3598.0,False,158469.0,-1,0,0,0,0,,,,,,,,
1058,42,181,3598.0,False,3598.0,False,158511.0,-1,0,0,0,0,,,,,,,,
1059,75,237,81.0,True,81.0,True,158586.0,-1,0,0,0,0,,,,,,,,
1060,131,249,143.0,True,143.0,True,158717.0,-1,0,0,0,0,,,,,,,,
1061,251,127,27.0,True,27.0,True,158968.0,-1,0,0,0,0,,,,,,,,
1062,290,268,289.0,True,289.0,True,159258.0,-1,0,0,0,0,,,,,,,,
1063,32,66,3598.0,False,3598.0,False,159290.0,-1,0,0,0,0,,,,,,,,
1064,98,288,3598.0,False,3598.0,False,159388.0,-1,0,0,0,0,,,,,,,,
1065,240,276,823.0,True,823.0,True,159628.0,-1,0,0,0,0,,,,,,,,
1066,11,212,11.0,True,11.0,True,159639.0,-1,0,0,0,0,,,,,,,,
1067,147,45,189.0,True,189.0,True,159786.0,-1,0,0,0,0,,,,,,,,
1068,19,211,65.0,True,65.0,True,159805.0,-1,0,0,0,0,,,,,,,,
1069,16,149,1349.0,True,1349.0,True,159821.0,-1,0,0,0,0,,,,,,,,
1070,171,238,3598.0,False,3598.0,False,159992.0,-1,0,0,0,0,,,,,,,,
1071,12,192,12.0,True,12.0,True,160004.0,-1,0,0,0,0,,,,,,,,
1072,258,269,3598.0,False,3598.0,False,160262.0,-1,0,0,0,0,,,,,,,,
1073,216,198,13.0,True,13.0,True,160478.0,-1,0,0,0,0,,,,,,,,
1074,89,244,169.0,True,169.0,True,160567.0,-1,0,0,0,0,,,,,,,,
1075,125,212,100.0,True,100.0,True,160692.0,-1,0,0,0,0,,,,,,,,
1076,113,134,147.0,True,147.0,True,160805.0,-1,0,0,0,0,,,,,,,,
1077,146,5,95.0,True,95.0,True,160951.0,-1,0,0,0,0,,,,,,,,
1078,254,196,1779.0,True,1779.0,True,161205.0,-1,0,0,0,0,,,,,,,,
1079,166,266,359.0,True,359.0,True,161371.0,-1,0,0,0,0,,,,,,,,
1080,94,121,1.0,True,1.0,True,161465.0,-1,0,0,0,0,,,,,,,,
1081,145,118,29.0,True,29.0,True,161610.0,-1,0,0,0,0,,,,,,,,
1082,170,94,2.0,True,2.0,True,161780.0,-1,0,0,0,0,,,,,,,,
1083,5,32,2.0,True,2.0,True,161785.0,-1,0,0,0,0,,,,,,,,
1084,289,180,3.0,True,3.0,True,162074.0,-1,0,0,0,0,,,,,,,,
1085,140,20,3.0,True,3.0,True,162214.0,-1,0,0,0,0,,,,,,,,
1086,30,288,9.0,True,9.0,True,162244.0,-1,0,0,0,0,,,,,,,,
1087,276,78,2.0,True,2.0,True,162520.0,-1,0,0,0,0,,,,,,,,
1088,85,159,170.0,True,170.0,True,162605.0,-1,0,0,0,0,,,,,,,,
1089,53,236,3.0,True,3.0,True,162658.0,-1,0,0,0,0,,,,,,,,
1090,39,14,3.0,True,3.0,True,162697.0,-1,0,0,0,0,,,,,,,,
1091,46,251,2.0,True,2.0,True,162743.0,-1,0,0,0,0,,,,,,,,
1092,287,268,2.0,True,2.0,True,163030.0,-1,0,0,0,0,,,,,,,,
1093,281,174,3.0,True,3.0,True,163311.0,-1,0,0,0,0,,,,,,,,
1094,168,243,3598.0,False,3598.0,False,163479.0,-1,0,0,0,0,,,,,,,,
1095,49,199,4.0,True,4.0,True,163528.0,-1,0,0,0,0,,,,,,,,
1096,164,257,2.0,True,2.0,True,163692.0,-1,0,0,0,0,,,,,,,,
1097,293,195,2.0,True,2.0,True,163985.0,-1,0,0,0,0,,,,,,,,
1098,99,56,2.0,True,2.0,True,164084.0,-1,0,0,0,0,,,,,,,,
1099,56,249,2.0,True,2.0,True,164140.0,-1,0,0,0,0,,,,,,,,
1100,109,25,2.0,True,2.0,True,164249.0,-1,0,0,0,0,,,,,,,,
1101,272,17,3.0,True,3.0,True,164521.0,-1,0,0,0,0,,,,,,,,
1102,290,270,4.0,True,4.0,True,164811.0,-1,0,0,0,0,,,,,,,,
1103,14,88,4.0,True,4.0,True,164825.0,-1,0,0,0,0,,,,,,,,
1104,244,147,5.0,True,5.0,True,165069.0,-1,0,0,0,0,,,,,,,,
1105,62,132,1.0,True,1.0,True,165131.0,-1,0,0,0,0,,,,,,,,
1106,103,298,32.0,True,32.0,True,165234.0,-1,0,0,0,0,,,,,,,,
1107,224,133,1.0,True,1.0,True,165458.0,-1,0,0,0,0,,,,,,,,
1108,12,229,1.0,True,1.0,True,165470.0,-1,0,0,0,0,,,,,,,,
1109,65,286,1.0,True,1.0,True,165535.0,-1,0,0,0,0,,,,,,,,
1110,62,176,251.0,True,251.0,True,165597.0,-1,0,0,0,0,,,,,,,,
1111,184,110,4.0,True,4.0,True,165781.0,-1,0,0,0,0,,,,,,,,
1112,249,95,672.0,True,672.0,True,166030.0,-1,0,0,0,0,,,,,,,,
1113,211,128,1.0,True,1.0,True,166241.0,-1,0,0,0,0,,,,,,,,
1114,29,220,735.0,True,735.0,True,166270.0,-1,0,0,0,0,,,,,,,,
1115,139,13,14.0,True,14.0,True,166409.0,-1,0,0,0,0,,,,,,,,
1116,260,208,135.0,True,135.0,True,166669.0,-1,0,0,0,0,,,,,,,,
1117,293,41,44.0,True,44.0,True,166962.0,-1,0,0,0,0,,,,,,,,
1118,241,82,262.0,True,262.0,True,167203.0,-1,0,0,0,0,,,,,,,,
1119,246,32,399.0,True,399.0,True,167449.0,-1,0,0,0,0,,,,,,,,
1120,238,187,2.0,True,2.0,True,167687.0,-1,0,0,0,0,,,,,,,,
1121,171,285,134.0,True,134.0,True,167858.0,-1,0,0,0,0,,,,,,,,
1122,7,211,3229.0,True,3229.0,True,167865.0,-1,0,0,0,0,,,,,,,,
1123,100,10,511.0,True,511.0,True,167965.0,-1,0,0,0,0,,,,,,,,
1124,242,111,3598.0,False,3598.0,False,168207.0,-1,0,0,0,0,,,,,,,,
1125,95,274,10.0,True,10.0,True,168302.0,-1,0,0,0,0,,,,,,,,
1126,124,83,3598.0,False,3598.0,False,168426.0,-1,0,0,0,0,,,,,,,,
1127,164,137,3598.0,False,3598.0,False,168590.0,-1,0,0,0,0,,,,,,,,
1128,257,156,19.0,True,19.0,True,168847.0,-1,0,0,0,0,,,,,,,,
1129,266,133,89.0,True,89.0,True,169113.0,-1,0,0,0,0,,,,,,,,
1130,278,79,458.0,True,458.0,True,169391.0,-1,0,0,0,0,,,,,,,,
1131,70,157,89.0,True,89.0,True,169461.0,-1,0,0,0,0,,,,,,,,
1132,75,168,27.0,True,27.0,True,169536.0,-1,0,0,0,0,,,,,,,,
1133,47,299,133.0,True,133.0,True,169583.0,-1,0,0,0,0,,,,,,,,
1134,213,296,27.0,True,27.0,True,169796.0,-1,0,0,0,0,,,,,,,,
1135,131,239,1189.0,True,1189.0,True,169927.0,-1,0,0,0,0,,,,,,,,
1136,87,254,40.0,True,40.0,True,170014.0,-1,0,0,0,0,,,,,,,,
1137,46,159,1463.0,True,1463.0,True,170060.0,-1,0,0,0,0,,,,,,,,
1138,221,154,3304.0,True,3304.0,True,170281.0,-1,0,0,0,0,,,,,,,,
1139,16,165,77.0,True,77.0,True,170297.0,-1,0,0,0,0,,,,,,,,
1140,161,248,81.0,True,81.0,True,170458.0,-1,0,0,0,0,,,,,,,,
1141,80,164,509.0,True,509.0,True,170538.0,-1,0,0,0,0,,,,,,,,
1142,45,117,520.0,True,520.0,True,170583.0,-1,0,0,0,0,,,,,,,,
1143,53,32,3598.0,False,3598.0,False,170636.0,-1,0,0,0,0,,,,,,,,
1144,83,35,3598.0,False,3598.0,False,170719.0,-1,0,0,0,0,,,,,,,,
1145,199,122,306.0,True,306.0,True,170918.0,-1,0,0,0,0,,,,,,,,
1146,37,140,3598.0,False,3598.0,False,170955.0,-1,0,0,0,0,,,,,,,,
1147,222,217,27.0,True,27.0,True,171177.0,-1,0,0,0,0,,,,,,,,
1148,25,202,3598.0,False,3598.0,False,171202.0,-1,0,0,0,0,,,,,,,,
1149,62,201,3598.0,False,3598.0,False,171264.0,-1,0,0,0,0,,,,,,,,
1150,25,270,3598.0,False,3598.0,False,171289.0,-1,0,0,0,0,,,,,,,,
1151,201,229,13.0,True,13.0,True,171490.0,-1,0,0,0,0,,,,,,,,
1152,128,4,41.0,True,41.0,True,171618.0,-1,0,0,0,0,,,,,,,,
1153,280,285,31.0,True,31.0,True,171898.0,-1,0,0,0,0,,,,,,,,
1154,16,129,1473.0,True,1473.0,True,171914.0,-1,0,0,0,0,,,,,,,,
1155,72,99,41.0,True,41.0,True,171986.0,-1,0,0,0,0,,,,,,,,
1156,63,208,140.0,True,140.0,True,172049.0,-1,0,0,0,0,,,,,,,,
1157,28,99,3598.0,False,3598.0,False,172077.0,-1,0,0,0,0,,,,,,,,
1158,270,238,20.0,True,20.0,True,172347.0,-1,0,0,0,0,,,,,,,,
1159,65,235,3598.0,False,3598.0,False,172412.0,-1,0,0,0,0,,,,,,,,
1160,88,282,3598.0,False,3598.0,False,172500.0,-1,0,0,0,0,,,,,,,,
1161,26,23,19.0,True,19.0,True,172526.0,-1,0,0,0,0,,,,,,,,
1162,28,228,7.0,True,7.0,True,172554.0,-1,0,0,0,0,,,,,,,,
1163,13,199,382.0,True,382.0,True,172567.0,-1,0,0,0,0,,,,,,,,
1164,164,177,3598.0,False,3598.0,False,172731.0,-1,0,0,0,0,,,,,,,,
1165,182,39,2.0,True,2.0,True,172913.0,-1,0,0,0,0,,,,,,,,
1166,199,91,21.0,True,21.0,True,173112.0,-1,0,0,0,0,,,,,,,,
1167,111,217,188.0,True,188.0,True,173223.0,-1,0,0,0,0,,,,,,,,
1168,106,273,1203.0,True,1203.0,True,173329.0,-1,0,0,0,0,,,,,,,,
1169,281,216,69.0,True,69.0,True,173610.0,-1,0,0,0,0,,,,,,,,
1170,184,55,3598.0,False,3598.0,False,173794.0,-1,0,0,0,0,,,,,,,,
1171,241,202,42.0,True,42.0,True,174035.0,-1,0,0,0,0,,,,,,,,
1172,290,61,1365.0,True,1365.0,True,174325.0,-1,0,0,0,0,,,,,,,,
1173,170,37,3598.0,False,3598.0,False,174495.0,-1,0,0,0,0,,,,,,,,
